
[CODE #1] - 2026-08-13 19:58:53
┌─────────────────────────────────────┐
│  كود: KNATRI-LNID-VGDN
│  إنشاء: 2026-08-13T19:58:53.081864
│  انتهاء: 2026-08-14T19:58:53.081864
│  الحالة: نشط
│  التشفير: 1e627b9ae65ac881...
└─────────────────────────────────────┘
        
[CODE #2] - 2026-08-13 19:58:53
┌─────────────────────────────────────┐
│  كود: KNATRI-Y8NX-UHZD
│  إنشاء: 2026-08-13T19:58:53.082050
│  انتهاء: 2026-08-14T19:58:53.082050
│  الحالة: نشط
│  التشفير: babce20b6a485a20...
└─────────────────────────────────────┘
        
[CODE #3] - 2026-08-13 19:58:53
┌─────────────────────────────────────┐
│  كود: KNATRI-Y1RY-1VF2
│  إنشاء: 2026-08-13T19:58:53.082093
│  انتهاء: 2026-08-14T19:58:53.082093
│  الحالة: نشط
│  التشفير: 63b13909e29a4375...
└─────────────────────────────────────┘
        
[CODE #4] - 2026-08-13 19:58:53
┌─────────────────────────────────────┐
│  كود: KNATRI-Y8YC-A2GS
│  إنشاء: 2026-08-13T19:58:53.082124
│  انتهاء: 2026-08-14T19:58:53.082124
│  الحالة: نشط
│  التشفير: bd30c688d03dcfb2...
└─────────────────────────────────────┘
        
[CODE #5] - 2026-08-13 19:58:53
┌─────────────────────────────────────┐
│  كود: KNATRI-496H-NMYO
│  إنشاء: 2026-08-13T19:58:53.082153
│  انتهاء: 2026-08-14T19:58:53.082153
│  الحالة: نشط
│  التشفير: 30592a2672429650...
└─────────────────────────────────────┘
        
[CODE #6] - 2026-08-13 19:58:53
┌─────────────────────────────────────┐
│  كود: KNATRI-YIDR-3U4K
│  إنشاء: 2026-08-13T19:58:53.082188
│  انتهاء: 2026-08-14T19:58:53.082188
│  الحالة: نشط
│  التشفير: bd48facd028938fd...
└─────────────────────────────────────┘
        
[CODE #7] - 2026-08-13 19:58:53
┌─────────────────────────────────────┐
│  كود: KNATRI-7AYH-E92R
│  إنشاء: 2026-08-13T19:58:53.082219
│  انتهاء: 2026-08-14T19:58:53.082219
│  الحالة: نشط
│  التشفير: 23181578681f75dd...
└─────────────────────────────────────┘
        
[CODE #8] - 2026-08-13 19:58:53
┌─────────────────────────────────────┐
│  كود: KNATRI-M31M-X3DP
│  إنشاء: 2026-08-13T19:58:53.082248
│  انتهاء: 2026-08-14T19:58:53.082248
│  الحالة: نشط
│  التشفير: 019f70cc96d0b3d4...
└─────────────────────────────────────┘
        
[CODE #9] - 2026-08-13 19:58:53
┌─────────────────────────────────────┐
│  كود: KNATRI-2GMH-7C67
│  إنشاء: 2026-08-13T19:58:53.082285
│  انتهاء: 2026-08-14T19:58:53.082285
│  الحالة: نشط
│  التشفير: be6586e212962437...
└─────────────────────────────────────┘
        
[CODE #10] - 2026-08-13 19:58:53
┌─────────────────────────────────────┐
│  كود: KNATRI-DJLQ-M3LH
│  إنشاء: 2026-08-13T19:58:53.082319
│  انتهاء: 2026-08-14T19:58:53.082319
│  الحالة: نشط
│  التشفير: 1cad90604b9957ee...
└─────────────────────────────────────┘
        
[CODE #11] - 2026-08-13 19:58:53
┌─────────────────────────────────────┐
│  كود: KNATRI-FWGK-PFM4
│  إنشاء: 2026-08-13T19:58:53.082347
│  انتهاء: 2026-08-14T19:58:53.082347
│  الحالة: نشط
│  التشفير: 70467d63bac5aae4...
└─────────────────────────────────────┘
        
[CODE #12] - 2026-08-13 19:58:53
┌─────────────────────────────────────┐
│  كود: KNATRI-5K0N-BPR0
│  إنشاء: 2026-08-13T19:58:53.082375
│  انتهاء: 2026-08-14T19:58:53.082375
│  الحالة: نشط
│  التشفير: bb6268891232b583...
└─────────────────────────────────────┘
        
[CODE #13] - 2026-08-13 19:58:53
┌─────────────────────────────────────┐
│  كود: KNATRI-ZB9R-HSEB
│  إنشاء: 2026-08-13T19:58:53.082402
│  انتهاء: 2026-08-14T19:58:53.082402
│  الحالة: نشط
│  التشفير: dcfa42a8cfa37ab9...
└─────────────────────────────────────┘
        
[CODE #14] - 2026-08-13 19:58:53
┌─────────────────────────────────────┐
│  كود: KNATRI-UZIS-GCZ7
│  إنشاء: 2026-08-13T19:58:53.082426
│  انتهاء: 2026-08-14T19:58:53.082426
│  الحالة: نشط
│  التشفير: d9f8f01123062485...
└─────────────────────────────────────┘
        
[CODE #15] - 2026-08-13 19:58:53
┌─────────────────────────────────────┐
│  كود: KNATRI-S8GN-XCKE
│  إنشاء: 2026-08-13T19:58:53.082450
│  انتهاء: 2026-08-14T19:58:53.082450
│  الحالة: نشط
│  التشفير: dcb9d560975f7802...
└─────────────────────────────────────┘
        
[CODE #16] - 2026-08-13 19:58:53
┌─────────────────────────────────────┐
│  كود: KNATRI-MUXJ-5FP0
│  إنشاء: 2026-08-13T19:58:53.082476
│  انتهاء: 2026-08-14T19:58:53.082476
│  الحالة: نشط
│  التشفير: 8e936d58d3b7918c...
└─────────────────────────────────────┘
        
[CODE #17] - 2026-08-13 19:58:53
┌─────────────────────────────────────┐
│  كود: KNATRI-04G8-FD2U
│  إنشاء: 2026-08-13T19:58:53.082501
│  انتهاء: 2026-08-14T19:58:53.082501
│  الحالة: نشط
│  التشفير: 83d416ba16e3b254...
└─────────────────────────────────────┘
        
[CODE #18] - 2026-08-13 19:58:53
┌─────────────────────────────────────┐
│  كود: KNATRI-V8RP-8O7X
│  إنشاء: 2026-08-13T19:58:53.082525
│  انتهاء: 2026-08-14T19:58:53.082525
│  الحالة: نشط
│  التشفير: 3e698a771a9baead...
└─────────────────────────────────────┘
        
[CODE #19] - 2026-08-13 19:58:53
┌─────────────────────────────────────┐
│  كود: KNATRI-R669-YZ28
│  إنشاء: 2026-08-13T19:58:53.082570
│  انتهاء: 2026-08-14T19:58:53.082570
│  الحالة: نشط
│  التشفير: a8140eebb4d049e1...
└─────────────────────────────────────┘
        
[CODE #20] - 2026-08-13 19:58:53
┌─────────────────────────────────────┐
│  كود: KNATRI-4IAW-5OFW
│  إنشاء: 2026-08-13T19:58:53.082595
│  انتهاء: 2026-08-14T19:58:53.082595
│  الحالة: نشط
│  التشفير: 2ff18f48a8c08182...
└─────────────────────────────────────┘
        
[CODE #21] - 2026-08-13 19:58:53
┌─────────────────────────────────────┐
│  كود: KNATRI-5KJG-OVIL
│  إنشاء: 2026-08-13T19:58:53.082621
│  انتهاء: 2026-08-14T19:58:53.082621
│  الحالة: نشط
│  التشفير: 461c5c744a4104cb...
└─────────────────────────────────────┘
        
[CODE #22] - 2026-08-13 19:58:53
┌─────────────────────────────────────┐
│  كود: KNATRI-OPSM-2DZ1
│  إنشاء: 2026-08-13T19:58:53.082647
│  انتهاء: 2026-08-14T19:58:53.082647
│  الحالة: نشط
│  التشفير: 6dab82872cbf0caa...
└─────────────────────────────────────┘
        
[CODE #23] - 2026-08-13 19:58:53
┌─────────────────────────────────────┐
│  كود: KNATRI-FRSP-681E
│  إنشاء: 2026-08-13T19:58:53.082673
│  انتهاء: 2026-08-14T19:58:53.082673
│  الحالة: نشط
│  التشفير: 7c1e4549cb8a4e3e...
└─────────────────────────────────────┘
        
[CODE #24] - 2026-08-13 19:58:53
┌─────────────────────────────────────┐
│  كود: KNATRI-5N11-2BFQ
│  إنشاء: 2026-08-13T19:58:53.082697
│  انتهاء: 2026-08-14T19:58:53.082697
│  الحالة: نشط
│  التشفير: 7e5c7ef8f65b8ef3...
└─────────────────────────────────────┘
        
[CODE #25] - 2026-08-13 19:58:53
┌─────────────────────────────────────┐
│  كود: KNATRI-QHI5-G9MQ
│  إنشاء: 2026-08-13T19:58:53.082723
│  انتهاء: 2026-08-14T19:58:53.082723
│  الحالة: نشط
│  التشفير: 6d3d35efafa6c645...
└─────────────────────────────────────┘
        
[CODE #26] - 2026-08-13 19:58:53
┌─────────────────────────────────────┐
│  كود: KNATRI-TAVY-JT1S
│  إنشاء: 2026-08-13T19:58:53.082753
│  انتهاء: 2026-08-14T19:58:53.082753
│  الحالة: نشط
│  التشفير: 9e38a77383a055c3...
└─────────────────────────────────────┘
        
[CODE #27] - 2026-08-13 19:58:53
┌─────────────────────────────────────┐
│  كود: KNATRI-WHSZ-8WUM
│  إنشاء: 2026-08-13T19:58:53.082779
│  انتهاء: 2026-08-14T19:58:53.082779
│  الحالة: نشط
│  التشفير: 69f0ef3546cf9072...
└─────────────────────────────────────┘
        
[CODE #28] - 2026-08-13 19:58:53
┌─────────────────────────────────────┐
│  كود: KNATRI-7T4V-I5RL
│  إنشاء: 2026-08-13T19:58:53.082806
│  انتهاء: 2026-08-14T19:58:53.082806
│  الحالة: نشط
│  التشفير: 07d9c6f08b805228...
└─────────────────────────────────────┘
        
[CODE #29] - 2026-08-13 19:58:53
┌─────────────────────────────────────┐
│  كود: KNATRI-U56D-BHHU
│  إنشاء: 2026-08-13T19:58:53.082832
│  انتهاء: 2026-08-14T19:58:53.082832
│  الحالة: نشط
│  التشفير: f008da1c5846f9f6...
└─────────────────────────────────────┘
        
[CODE #30] - 2026-08-13 19:58:53
┌─────────────────────────────────────┐
│  كود: KNATRI-CGQ1-DQPU
│  إنشاء: 2026-08-13T19:58:53.082859
│  انتهاء: 2026-08-14T19:58:53.082859
│  الحالة: نشط
│  التشفير: 253931e422b5ab47...
└─────────────────────────────────────┘
        
[CODE #31] - 2026-08-13 19:58:53
┌─────────────────────────────────────┐
│  كود: KNATRI-KOPA-RJVW
│  إنشاء: 2026-08-13T19:58:53.082886
│  انتهاء: 2026-08-14T19:58:53.082886
│  الحالة: نشط
│  التشفير: d74e72be9a30f6b0...
└─────────────────────────────────────┘
        
[CODE #32] - 2026-08-13 19:58:53
┌─────────────────────────────────────┐
│  كود: KNATRI-7TEQ-2ARB
│  إنشاء: 2026-08-13T19:58:53.082911
│  انتهاء: 2026-08-14T19:58:53.082911
│  الحالة: نشط
│  التشفير: 6cdcea45e8f77403...
└─────────────────────────────────────┘
        
[CODE #33] - 2026-08-13 19:58:53
┌─────────────────────────────────────┐
│  كود: KNATRI-PBBF-U5TJ
│  إنشاء: 2026-08-13T19:58:53.082937
│  انتهاء: 2026-08-14T19:58:53.082937
│  الحالة: نشط
│  التشفير: c884b421771372bf...
└─────────────────────────────────────┘
        
[CODE #34] - 2026-08-13 19:58:53
┌─────────────────────────────────────┐
│  كود: KNATRI-LROB-NGM0
│  إنشاء: 2026-08-13T19:58:53.082963
│  انتهاء: 2026-08-14T19:58:53.082963
│  الحالة: نشط
│  التشفير: 4165db4bd449f4b0...
└─────────────────────────────────────┘
        
[CODE #35] - 2026-08-13 19:58:53
┌─────────────────────────────────────┐
│  كود: KNATRI-BAN7-U53K
│  إنشاء: 2026-08-13T19:58:53.082993
│  انتهاء: 2026-08-14T19:58:53.082993
│  الحالة: نشط
│  التشفير: 7ce03b2104eca9b2...
└─────────────────────────────────────┘
        
[CODE #36] - 2026-08-13 19:58:53
┌─────────────────────────────────────┐
│  كود: KNATRI-FT6I-94OR
│  إنشاء: 2026-08-13T19:58:53.083020
│  انتهاء: 2026-08-14T19:58:53.083020
│  الحالة: نشط
│  التشفير: 87df14c21d4b66c6...
└─────────────────────────────────────┘
        
[CODE #37] - 2026-08-13 19:58:53
┌─────────────────────────────────────┐
│  كود: KNATRI-37F0-ES10
│  إنشاء: 2026-08-13T19:58:53.083048
│  انتهاء: 2026-08-14T19:58:53.083048
│  الحالة: نشط
│  التشفير: a0059686c4332dbe...
└─────────────────────────────────────┘
        
[CODE #38] - 2026-08-13 19:58:53
┌─────────────────────────────────────┐
│  كود: KNATRI-VQX0-GTAD
│  إنشاء: 2026-08-13T19:58:53.083072
│  انتهاء: 2026-08-14T19:58:53.083072
│  الحالة: نشط
│  التشفير: 3e3af1965b60c257...
└─────────────────────────────────────┘
        
[CODE #39] - 2026-08-13 19:58:53
┌─────────────────────────────────────┐
│  كود: KNATRI-X00E-DCF7
│  إنشاء: 2026-08-13T19:58:53.083098
│  انتهاء: 2026-08-14T19:58:53.083098
│  الحالة: نشط
│  التشفير: 2443af94ebf00373...
└─────────────────────────────────────┘
        
[CODE #40] - 2026-08-13 19:58:53
┌─────────────────────────────────────┐
│  كود: KNATRI-NFTD-FQ9L
│  إنشاء: 2026-08-13T19:58:53.083124
│  انتهاء: 2026-08-14T19:58:53.083124
│  الحالة: نشط
│  التشفير: 009b9a8f85e4d96c...
└─────────────────────────────────────┘
        
[CODE #41] - 2026-08-13 19:58:53
┌─────────────────────────────────────┐
│  كود: KNATRI-PFRN-B0VU
│  إنشاء: 2026-08-13T19:58:53.083154
│  انتهاء: 2026-08-14T19:58:53.083154
│  الحالة: نشط
│  التشفير: bb1f9ba7bfad52b8...
└─────────────────────────────────────┘
        
[CODE #42] - 2026-08-13 19:58:53
┌─────────────────────────────────────┐
│  كود: KNATRI-HQG9-KS1E
│  إنشاء: 2026-08-13T19:58:53.083182
│  انتهاء: 2026-08-14T19:58:53.083182
│  الحالة: نشط
│  التشفير: 573381801bec0137...
└─────────────────────────────────────┘
        
[CODE #43] - 2026-08-13 19:58:53
┌─────────────────────────────────────┐
│  كود: KNATRI-ARK2-C6XG
│  إنشاء: 2026-08-13T19:58:53.083209
│  انتهاء: 2026-08-14T19:58:53.083209
│  الحالة: نشط
│  التشفير: b307c1dc78e6e383...
└─────────────────────────────────────┘
        
[CODE #44] - 2026-08-13 19:58:53
┌─────────────────────────────────────┐
│  كود: KNATRI-Y51Z-9W9X
│  إنشاء: 2026-08-13T19:58:53.083232
│  انتهاء: 2026-08-14T19:58:53.083232
│  الحالة: نشط
│  التشفير: 7a697966945acf4d...
└─────────────────────────────────────┘
        
[CODE #45] - 2026-08-13 19:58:53
┌─────────────────────────────────────┐
│  كود: KNATRI-ATCC-VSN4
│  إنشاء: 2026-08-13T19:58:53.083256
│  انتهاء: 2026-08-14T19:58:53.083256
│  الحالة: نشط
│  التشفير: 5928e9ad7ad3e302...
└─────────────────────────────────────┘
        
[CODE #46] - 2026-08-13 19:58:53
┌─────────────────────────────────────┐
│  كود: KNATRI-4F56-MSHH
│  إنشاء: 2026-08-13T19:58:53.083282
│  انتهاء: 2026-08-14T19:58:53.083282
│  الحالة: نشط
│  التشفير: 9c4212915d10b9d3...
└─────────────────────────────────────┘
        
[CODE #47] - 2026-08-13 19:58:53
┌─────────────────────────────────────┐
│  كود: KNATRI-BQ9R-MEW6
│  إنشاء: 2026-08-13T19:58:53.083308
│  انتهاء: 2026-08-14T19:58:53.083308
│  الحالة: نشط
│  التشفير: 3acdcb6e2c4e2283...
└─────────────────────────────────────┘
        
[CODE #48] - 2026-08-13 19:58:53
┌─────────────────────────────────────┐
│  كود: KNATRI-J68A-8HLL
│  إنشاء: 2026-08-13T19:58:53.083333
│  انتهاء: 2026-08-14T19:58:53.083333
│  الحالة: نشط
│  التشفير: 7b3bf622c374a244...
└─────────────────────────────────────┘
        
[CODE #49] - 2026-08-13 19:58:53
┌─────────────────────────────────────┐
│  كود: KNATRI-B3XL-RVUG
│  إنشاء: 2026-08-13T19:58:53.083358
│  انتهاء: 2026-08-14T19:58:53.083358
│  الحالة: نشط
│  التشفير: b243a18f0c86bbd5...
└─────────────────────────────────────┘
        
[CODE #50] - 2026-08-13 19:58:53
┌─────────────────────────────────────┐
│  كود: KNATRI-ADMX-V6ES
│  إنشاء: 2026-08-13T19:58:53.083381
│  انتهاء: 2026-08-14T19:58:53.083381
│  الحالة: نشط
│  التشفير: 425c2037a6c57370...
└─────────────────────────────────────┘
        
[CODE #51] - 2026-08-13 19:58:53
┌─────────────────────────────────────┐
│  كود: KNATRI-6813-W3OH
│  إنشاء: 2026-08-13T19:58:53.083410
│  انتهاء: 2026-08-14T19:58:53.083410
│  الحالة: نشط
│  التشفير: 36649f3161590292...
└─────────────────────────────────────┘
        
[CODE #52] - 2026-08-13 19:58:53
┌─────────────────────────────────────┐
│  كود: KNATRI-4HVQ-DSG3
│  إنشاء: 2026-08-13T19:58:53.083435
│  انتهاء: 2026-08-14T19:58:53.083435
│  الحالة: نشط
│  التشفير: 87cfbcb39a89a792...
└─────────────────────────────────────┘
        
[CODE #53] - 2026-08-13 19:58:53
┌─────────────────────────────────────┐
│  كود: KNATRI-D2HM-H5ZL
│  إنشاء: 2026-08-13T19:58:53.083463
│  انتهاء: 2026-08-14T19:58:53.083463
│  الحالة: نشط
│  التشفير: 92b867fbd0535d59...
└─────────────────────────────────────┘
        
[CODE #54] - 2026-08-13 19:58:53
┌─────────────────────────────────────┐
│  كود: KNATRI-IUF0-LTUR
│  إنشاء: 2026-08-13T19:58:53.083490
│  انتهاء: 2026-08-14T19:58:53.083490
│  الحالة: نشط
│  التشفير: 48c3ffcca0ec3d71...
└─────────────────────────────────────┘
        
[CODE #55] - 2026-08-13 19:58:53
┌─────────────────────────────────────┐
│  كود: KNATRI-Y3BM-7UAF
│  إنشاء: 2026-08-13T19:58:53.083514
│  انتهاء: 2026-08-14T19:58:53.083514
│  الحالة: نشط
│  التشفير: 131a15b795e15f0a...
└─────────────────────────────────────┘
        
[CODE #56] - 2026-08-13 19:58:53
┌─────────────────────────────────────┐
│  كود: KNATRI-A8H9-614L
│  إنشاء: 2026-08-13T19:58:53.083547
│  انتهاء: 2026-08-14T19:58:53.083547
│  الحالة: نشط
│  التشفير: a9d48448bbc14b0e...
└─────────────────────────────────────┘
        
[CODE #57] - 2026-08-13 19:58:53
┌─────────────────────────────────────┐
│  كود: KNATRI-E7K1-LH5I
│  إنشاء: 2026-08-13T19:58:53.083576
│  انتهاء: 2026-08-14T19:58:53.083576
│  الحالة: نشط
│  التشفير: 05343c23674449a3...
└─────────────────────────────────────┘
        
[CODE #58] - 2026-08-13 19:58:53
┌─────────────────────────────────────┐
│  كود: KNATRI-1ZF5-HQ7F
│  إنشاء: 2026-08-13T19:58:53.083600
│  انتهاء: 2026-08-14T19:58:53.083600
│  الحالة: نشط
│  التشفير: 0294f39c3fe0ceff...
└─────────────────────────────────────┘
        
[CODE #59] - 2026-08-13 19:58:53
┌─────────────────────────────────────┐
│  كود: KNATRI-R6AF-P8EA
│  إنشاء: 2026-08-13T19:58:53.083626
│  انتهاء: 2026-08-14T19:58:53.083626
│  الحالة: نشط
│  التشفير: 9568eee3984a404a...
└─────────────────────────────────────┘
        
[CODE #60] - 2026-08-13 19:58:53
┌─────────────────────────────────────┐
│  كود: KNATRI-MT20-KZ5R
│  إنشاء: 2026-08-13T19:58:53.083651
│  انتهاء: 2026-08-14T19:58:53.083651
│  الحالة: نشط
│  التشفير: f3e3c9ef284d7576...
└─────────────────────────────────────┘
        
[CODE #61] - 2026-08-13 19:58:53
┌─────────────────────────────────────┐
│  كود: KNATRI-8LG7-HPB4
│  إنشاء: 2026-08-13T19:58:53.083677
│  انتهاء: 2026-08-14T19:58:53.083677
│  الحالة: نشط
│  التشفير: 38913fc343197e37...
└─────────────────────────────────────┘
        
[CODE #62] - 2026-08-13 19:58:53
┌─────────────────────────────────────┐
│  كود: KNATRI-5DFI-VEKB
│  إنشاء: 2026-08-13T19:58:53.083702
│  انتهاء: 2026-08-14T19:58:53.083702
│  الحالة: نشط
│  التشفير: 875e57c4f9b61021...
└─────────────────────────────────────┘
        
[CODE #63] - 2026-08-13 19:58:53
┌─────────────────────────────────────┐
│  كود: KNATRI-ZUIP-SHI1
│  إنشاء: 2026-08-13T19:58:53.083731
│  انتهاء: 2026-08-14T19:58:53.083731
│  الحالة: نشط
│  التشفير: e8ff39547cb78bf0...
└─────────────────────────────────────┘
        
[CODE #64] - 2026-08-13 19:58:53
┌─────────────────────────────────────┐
│  كود: KNATRI-ZMRR-6976
│  إنشاء: 2026-08-13T19:58:53.083759
│  انتهاء: 2026-08-14T19:58:53.083759
│  الحالة: نشط
│  التشفير: 5fc490d75bee6c14...
└─────────────────────────────────────┘
        
[CODE #65] - 2026-08-13 19:58:53
┌─────────────────────────────────────┐
│  كود: KNATRI-QQZS-XT5T
│  إنشاء: 2026-08-13T19:58:53.083786
│  انتهاء: 2026-08-14T19:58:53.083786
│  الحالة: نشط
│  التشفير: cdff827c71bfb028...
└─────────────────────────────────────┘
        
[CODE #66] - 2026-08-13 19:58:53
┌─────────────────────────────────────┐
│  كود: KNATRI-K1Z5-GYDE
│  إنشاء: 2026-08-13T19:58:53.083812
│  انتهاء: 2026-08-14T19:58:53.083812
│  الحالة: نشط
│  التشفير: 9ad1d479b1465bbe...
└─────────────────────────────────────┘
        
[CODE #67] - 2026-08-13 19:58:53
┌─────────────────────────────────────┐
│  كود: KNATRI-VHB3-RYEC
│  إنشاء: 2026-08-13T19:58:53.083839
│  انتهاء: 2026-08-14T19:58:53.083839
│  الحالة: نشط
│  التشفير: e1241b15476a45f4...
└─────────────────────────────────────┘
        
[CODE #68] - 2026-08-13 19:58:53
┌─────────────────────────────────────┐
│  كود: KNATRI-SJXR-9F4Q
│  إنشاء: 2026-08-13T19:58:53.083864
│  انتهاء: 2026-08-14T19:58:53.083864
│  الحالة: نشط
│  التشفير: e01f6ec0f760c3cb...
└─────────────────────────────────────┘
        
[CODE #69] - 2026-08-13 19:58:53
┌─────────────────────────────────────┐
│  كود: KNATRI-MJR2-JERH
│  إنشاء: 2026-08-13T19:58:53.083893
│  انتهاء: 2026-08-14T19:58:53.083893
│  الحالة: نشط
│  التشفير: 66192c8287964511...
└─────────────────────────────────────┘
        
[CODE #70] - 2026-08-13 19:58:53
┌─────────────────────────────────────┐
│  كود: KNATRI-IBL1-05J3
│  إنشاء: 2026-08-13T19:58:53.083921
│  انتهاء: 2026-08-14T19:58:53.083921
│  الحالة: نشط
│  التشفير: 4d4b71901fdd6590...
└─────────────────────────────────────┘
        
[CODE #71] - 2026-08-13 19:58:53
┌─────────────────────────────────────┐
│  كود: KNATRI-OAVS-2ZAR
│  إنشاء: 2026-08-13T19:58:53.083948
│  انتهاء: 2026-08-14T19:58:53.083948
│  الحالة: نشط
│  التشفير: ebcc580804e07394...
└─────────────────────────────────────┘
        
[CODE #72] - 2026-08-13 19:58:53
┌─────────────────────────────────────┐
│  كود: KNATRI-YPIH-YYFM
│  إنشاء: 2026-08-13T19:58:53.083978
│  انتهاء: 2026-08-14T19:58:53.083978
│  الحالة: نشط
│  التشفير: 02d93cbcd442f8ce...
└─────────────────────────────────────┘
        
[CODE #73] - 2026-08-13 19:58:53
┌─────────────────────────────────────┐
│  كود: KNATRI-06JS-EZ9H
│  إنشاء: 2026-08-13T19:58:53.084005
│  انتهاء: 2026-08-14T19:58:53.084005
│  الحالة: نشط
│  التشفير: 88dbe40a08baa50b...
└─────────────────────────────────────┘
        
[CODE #74] - 2026-08-13 19:58:53
┌─────────────────────────────────────┐
│  كود: KNATRI-2YXZ-9U8E
│  إنشاء: 2026-08-13T19:58:53.084031
│  انتهاء: 2026-08-14T19:58:53.084031
│  الحالة: نشط
│  التشفير: 8e431143eb9dd8c3...
└─────────────────────────────────────┘
        
[CODE #75] - 2026-08-13 19:58:53
┌─────────────────────────────────────┐
│  كود: KNATRI-70S1-EFCE
│  إنشاء: 2026-08-13T19:58:53.084058
│  انتهاء: 2026-08-14T19:58:53.084058
│  الحالة: نشط
│  التشفير: f827ba75c0d821aa...
└─────────────────────────────────────┘
        
[CODE #76] - 2026-08-13 19:58:53
┌─────────────────────────────────────┐
│  كود: KNATRI-AARR-V13F
│  إنشاء: 2026-08-13T19:58:53.084086
│  انتهاء: 2026-08-14T19:58:53.084086
│  الحالة: نشط
│  التشفير: d689d945ea487276...
└─────────────────────────────────────┘
        
[CODE #77] - 2026-08-13 19:58:53
┌─────────────────────────────────────┐
│  كود: KNATRI-DEGF-H1UA
│  إنشاء: 2026-08-13T19:58:53.084116
│  انتهاء: 2026-08-14T19:58:53.084116
│  الحالة: نشط
│  التشفير: b96593ed020012c5...
└─────────────────────────────────────┘
        
[CODE #78] - 2026-08-13 19:58:53
┌─────────────────────────────────────┐
│  كود: KNATRI-2J5S-OX18
│  إنشاء: 2026-08-13T19:58:53.084141
│  انتهاء: 2026-08-14T19:58:53.084141
│  الحالة: نشط
│  التشفير: fa1260f0992b0601...
└─────────────────────────────────────┘
        
[CODE #79] - 2026-08-13 19:58:53
┌─────────────────────────────────────┐
│  كود: KNATRI-PNR3-YWGJ
│  إنشاء: 2026-08-13T19:58:53.084169
│  انتهاء: 2026-08-14T19:58:53.084169
│  الحالة: نشط
│  التشفير: 9b348a050250862f...
└─────────────────────────────────────┘
        
[CODE #80] - 2026-08-13 19:58:53
┌─────────────────────────────────────┐
│  كود: KNATRI-NFOD-71DA
│  إنشاء: 2026-08-13T19:58:53.084191
│  انتهاء: 2026-08-14T19:58:53.084191
│  الحالة: نشط
│  التشفير: 7786e0346622529a...
└─────────────────────────────────────┘
        
[CODE #81] - 2026-08-13 19:58:53
┌─────────────────────────────────────┐
│  كود: KNATRI-89U4-A5UO
│  إنشاء: 2026-08-13T19:58:53.084217
│  انتهاء: 2026-08-14T19:58:53.084217
│  الحالة: نشط
│  التشفير: 061d660d26580628...
└─────────────────────────────────────┘
        
[CODE #82] - 2026-08-13 19:58:53
┌─────────────────────────────────────┐
│  كود: KNATRI-V85O-VCKM
│  إنشاء: 2026-08-13T19:58:53.084244
│  انتهاء: 2026-08-14T19:58:53.084244
│  الحالة: نشط
│  التشفير: 6ea133e32629b132...
└─────────────────────────────────────┘
        
[CODE #83] - 2026-08-13 19:58:53
┌─────────────────────────────────────┐
│  كود: KNATRI-PAJH-2IMR
│  إنشاء: 2026-08-13T19:58:53.084272
│  انتهاء: 2026-08-14T19:58:53.084272
│  الحالة: نشط
│  التشفير: 19844e011cee042f...
└─────────────────────────────────────┘
        
[CODE #84] - 2026-08-13 19:58:53
┌─────────────────────────────────────┐
│  كود: KNATRI-OIJZ-73HR
│  إنشاء: 2026-08-13T19:58:53.084300
│  انتهاء: 2026-08-14T19:58:53.084300
│  الحالة: نشط
│  التشفير: ce9359c3cfd81516...
└─────────────────────────────────────┘
        
[CODE #85] - 2026-08-13 19:58:53
┌─────────────────────────────────────┐
│  كود: KNATRI-A3UL-J62Q
│  إنشاء: 2026-08-13T19:58:53.084325
│  انتهاء: 2026-08-14T19:58:53.084325
│  الحالة: نشط
│  التشفير: 04a54bd78bb7d676...
└─────────────────────────────────────┘
        
[CODE #86] - 2026-08-13 19:58:53
┌─────────────────────────────────────┐
│  كود: KNATRI-7IX2-V4O4
│  إنشاء: 2026-08-13T19:58:53.084351
│  انتهاء: 2026-08-14T19:58:53.084351
│  الحالة: نشط
│  التشفير: 2aea48fa4d63de5e...
└─────────────────────────────────────┘
        
[CODE #87] - 2026-08-13 19:58:53
┌─────────────────────────────────────┐
│  كود: KNATRI-1HAL-RHLU
│  إنشاء: 2026-08-13T19:58:53.084377
│  انتهاء: 2026-08-14T19:58:53.084377
│  الحالة: نشط
│  التشفير: ec5d9420d76be16c...
└─────────────────────────────────────┘
        
[CODE #88] - 2026-08-13 19:58:53
┌─────────────────────────────────────┐
│  كود: KNATRI-3NNI-M5IE
│  إنشاء: 2026-08-13T19:58:53.084403
│  انتهاء: 2026-08-14T19:58:53.084403
│  الحالة: نشط
│  التشفير: 2c2231331e5414bc...
└─────────────────────────────────────┘
        
[CODE #89] - 2026-08-13 19:58:53
┌─────────────────────────────────────┐
│  كود: KNATRI-AER9-VNPV
│  إنشاء: 2026-08-13T19:58:53.084428
│  انتهاء: 2026-08-14T19:58:53.084428
│  الحالة: نشط
│  التشفير: 9c32c4bcfe1ebf8c...
└─────────────────────────────────────┘
        
[CODE #90] - 2026-08-13 19:58:53
┌─────────────────────────────────────┐
│  كود: KNATRI-X5GN-B6V4
│  إنشاء: 2026-08-13T19:58:53.084457
│  انتهاء: 2026-08-14T19:58:53.084457
│  الحالة: نشط
│  التشفير: 72e319abd7a39d71...
└─────────────────────────────────────┘
        
[CODE #91] - 2026-08-13 19:58:53
┌─────────────────────────────────────┐
│  كود: KNATRI-XF2D-DCDF
│  إنشاء: 2026-08-13T19:58:53.084483
│  انتهاء: 2026-08-14T19:58:53.084483
│  الحالة: نشط
│  التشفير: b42341cd218595c6...
└─────────────────────────────────────┘
        
[CODE #92] - 2026-08-13 19:58:53
┌─────────────────────────────────────┐
│  كود: KNATRI-WXPT-QJQE
│  إنشاء: 2026-08-13T19:58:53.084506
│  انتهاء: 2026-08-14T19:58:53.084506
│  الحالة: نشط
│  التشفير: 3d566fe39f17f40e...
└─────────────────────────────────────┘
        
[CODE #93] - 2026-08-13 19:58:53
┌─────────────────────────────────────┐
│  كود: KNATRI-9LEJ-IP3O
│  إنشاء: 2026-08-13T19:58:53.084534
│  انتهاء: 2026-08-14T19:58:53.084534
│  الحالة: نشط
│  التشفير: 0a9b64c2772ea973...
└─────────────────────────────────────┘
        
[CODE #94] - 2026-08-13 19:58:53
┌─────────────────────────────────────┐
│  كود: KNATRI-EQYG-9HTW
│  إنشاء: 2026-08-13T19:58:53.084567
│  انتهاء: 2026-08-14T19:58:53.084567
│  الحالة: نشط
│  التشفير: 97b9f4a2c11465d2...
└─────────────────────────────────────┘
        
[CODE #95] - 2026-08-13 19:58:53
┌─────────────────────────────────────┐
│  كود: KNATRI-YWGN-AP7V
│  إنشاء: 2026-08-13T19:58:53.084620
│  انتهاء: 2026-08-14T19:58:53.084620
│  الحالة: نشط
│  التشفير: 5b2ed85e257ce19c...
└─────────────────────────────────────┘
        
[CODE #96] - 2026-08-13 19:58:53
┌─────────────────────────────────────┐
│  كود: KNATRI-76JI-NQ9G
│  إنشاء: 2026-08-13T19:58:53.084650
│  انتهاء: 2026-08-14T19:58:53.084650
│  الحالة: نشط
│  التشفير: 947ce6cd6f0cae1b...
└─────────────────────────────────────┘
        
[CODE #97] - 2026-08-13 19:58:53
┌─────────────────────────────────────┐
│  كود: KNATRI-YO1K-H0MW
│  إنشاء: 2026-08-13T19:58:53.084677
│  انتهاء: 2026-08-14T19:58:53.084677
│  الحالة: نشط
│  التشفير: 5b0b94f6dff1e946...
└─────────────────────────────────────┘
        
[CODE #98] - 2026-08-13 19:58:53
┌─────────────────────────────────────┐
│  كود: KNATRI-69QG-AZG8
│  إنشاء: 2026-08-13T19:58:53.084706
│  انتهاء: 2026-08-14T19:58:53.084706
│  الحالة: نشط
│  التشفير: 7b370695f139f4ee...
└─────────────────────────────────────┘
        
[CODE #99] - 2026-08-13 19:58:53
┌─────────────────────────────────────┐
│  كود: KNATRI-U8E5-O9EN
│  إنشاء: 2026-08-13T19:58:53.084730
│  انتهاء: 2026-08-14T19:58:53.084730
│  الحالة: نشط
│  التشفير: 6c719d7f2b4019cf...
└─────────────────────────────────────┘
        
[CODE #100] - 2026-08-13 19:58:53
┌─────────────────────────────────────┐
│  كود: KNATRI-62RS-4N98
│  إنشاء: 2026-08-13T19:58:53.084757
│  انتهاء: 2026-08-14T19:58:53.084757
│  الحالة: نشط
│  التشفير: 3537eddc50adca3f...
└─────────────────────────────────────┘
        
[CODE #101] - 2026-08-13 19:58:53
┌─────────────────────────────────────┐
│  كود: KNATRI-0UYG-Y1NM
│  إنشاء: 2026-08-13T19:58:53.084784
│  انتهاء: 2026-08-14T19:58:53.084784
│  الحالة: نشط
│  التشفير: 131c04dfb802e268...
└─────────────────────────────────────┘
        
[CODE #102] - 2026-08-13 19:58:53
┌─────────────────────────────────────┐
│  كود: KNATRI-L5N9-CQDP
│  إنشاء: 2026-08-13T19:58:53.084812
│  انتهاء: 2026-08-14T19:58:53.084812
│  الحالة: نشط
│  التشفير: acdb65145a0a3832...
└─────────────────────────────────────┘
        
[CODE #103] - 2026-08-13 19:58:53
┌─────────────────────────────────────┐
│  كود: KNATRI-XDOL-ZVI4
│  إنشاء: 2026-08-13T19:58:53.084841
│  انتهاء: 2026-08-14T19:58:53.084841
│  الحالة: نشط
│  التشفير: 9bf4e57d6b0ebdaa...
└─────────────────────────────────────┘
        
[CODE #104] - 2026-08-13 19:58:53
┌─────────────────────────────────────┐
│  كود: KNATRI-0APM-CRJ8
│  إنشاء: 2026-08-13T19:58:53.084867
│  انتهاء: 2026-08-14T19:58:53.084867
│  الحالة: نشط
│  التشفير: 137c23b003862180...
└─────────────────────────────────────┘
        
[CODE #105] - 2026-08-13 19:58:53
┌─────────────────────────────────────┐
│  كود: KNATRI-6N27-Y3PE
│  إنشاء: 2026-08-13T19:58:53.084895
│  انتهاء: 2026-08-14T19:58:53.084895
│  الحالة: نشط
│  التشفير: 1e6994c65b0de09e...
└─────────────────────────────────────┘
        
[CODE #106] - 2026-08-13 19:58:53
┌─────────────────────────────────────┐
│  كود: KNATRI-M2NQ-U30V
│  إنشاء: 2026-08-13T19:58:53.084921
│  انتهاء: 2026-08-14T19:58:53.084921
│  الحالة: نشط
│  التشفير: 6635e540c47a6122...
└─────────────────────────────────────┘
        
[CODE #107] - 2026-08-13 19:58:53
┌─────────────────────────────────────┐
│  كود: KNATRI-KQPO-KGWZ
│  إنشاء: 2026-08-13T19:58:53.084972
│  انتهاء: 2026-08-14T19:58:53.084972
│  الحالة: نشط
│  التشفير: 28c3908933fb0676...
└─────────────────────────────────────┘
        
[CODE #108] - 2026-08-13 19:58:53
┌─────────────────────────────────────┐
│  كود: KNATRI-X210-K7QS
│  إنشاء: 2026-08-13T19:58:53.085001
│  انتهاء: 2026-08-14T19:58:53.085001
│  الحالة: نشط
│  التشفير: 709ba763f024ab88...
└─────────────────────────────────────┘
        
[CODE #109] - 2026-08-13 19:58:53
┌─────────────────────────────────────┐
│  كود: KNATRI-YJ65-LQ9Y
│  إنشاء: 2026-08-13T19:58:53.085026
│  انتهاء: 2026-08-14T19:58:53.085026
│  الحالة: نشط
│  التشفير: 680a1f3665a92a07...
└─────────────────────────────────────┘
        
[CODE #110] - 2026-08-13 19:58:53
┌─────────────────────────────────────┐
│  كود: KNATRI-K5B9-8ZD8
│  إنشاء: 2026-08-13T19:58:53.085052
│  انتهاء: 2026-08-14T19:58:53.085052
│  الحالة: نشط
│  التشفير: e2548772491abd50...
└─────────────────────────────────────┘
        
[CODE #111] - 2026-08-13 19:58:53
┌─────────────────────────────────────┐
│  كود: KNATRI-742P-E8ER
│  إنشاء: 2026-08-13T19:58:53.085077
│  انتهاء: 2026-08-14T19:58:53.085077
│  الحالة: نشط
│  التشفير: bdd8855561bd2811...
└─────────────────────────────────────┘
        
[CODE #112] - 2026-08-13 19:58:53
┌─────────────────────────────────────┐
│  كود: KNATRI-Y2MA-CJF4
│  إنشاء: 2026-08-13T19:58:53.085107
│  انتهاء: 2026-08-14T19:58:53.085107
│  الحالة: نشط
│  التشفير: 8fb737eee648a405...
└─────────────────────────────────────┘
        
[CODE #113] - 2026-08-13 19:58:53
┌─────────────────────────────────────┐
│  كود: KNATRI-195T-QUF3
│  إنشاء: 2026-08-13T19:58:53.085133
│  انتهاء: 2026-08-14T19:58:53.085133
│  الحالة: نشط
│  التشفير: f87ef44d579f0e0b...
└─────────────────────────────────────┘
        
[CODE #114] - 2026-08-13 19:58:53
┌─────────────────────────────────────┐
│  كود: KNATRI-MC6R-5906
│  إنشاء: 2026-08-13T19:58:53.085160
│  انتهاء: 2026-08-14T19:58:53.085160
│  الحالة: نشط
│  التشفير: 951d12b2b28ec21f...
└─────────────────────────────────────┘
        
[CODE #115] - 2026-08-13 19:58:53
┌─────────────────────────────────────┐
│  كود: KNATRI-PZ6C-AWMV
│  إنشاء: 2026-08-13T19:58:53.085189
│  انتهاء: 2026-08-14T19:58:53.085189
│  الحالة: نشط
│  التشفير: 565c45c99baabb98...
└─────────────────────────────────────┘
        
[CODE #116] - 2026-08-13 19:58:53
┌─────────────────────────────────────┐
│  كود: KNATRI-JF6F-N1GL
│  إنشاء: 2026-08-13T19:58:53.085220
│  انتهاء: 2026-08-14T19:58:53.085220
│  الحالة: نشط
│  التشفير: 89947d0c78fd949b...
└─────────────────────────────────────┘
        
[CODE #117] - 2026-08-13 19:58:53
┌─────────────────────────────────────┐
│  كود: KNATRI-6M08-HGUV
│  إنشاء: 2026-08-13T19:58:53.085247
│  انتهاء: 2026-08-14T19:58:53.085247
│  الحالة: نشط
│  التشفير: 8b768b951007fdbb...
└─────────────────────────────────────┘
        
[CODE #118] - 2026-08-13 19:58:53
┌─────────────────────────────────────┐
│  كود: KNATRI-NQYJ-OCQ8
│  إنشاء: 2026-08-13T19:58:53.085278
│  انتهاء: 2026-08-14T19:58:53.085278
│  الحالة: نشط
│  التشفير: 49c3132088e3d192...
└─────────────────────────────────────┘
        
[CODE #119] - 2026-08-13 19:58:53
┌─────────────────────────────────────┐
│  كود: KNATRI-SR0F-2OJI
│  إنشاء: 2026-08-13T19:58:53.085305
│  انتهاء: 2026-08-14T19:58:53.085305
│  الحالة: نشط
│  التشفير: 285a5291d0b79773...
└─────────────────────────────────────┘
        
[CODE #120] - 2026-08-13 19:58:53
┌─────────────────────────────────────┐
│  كود: KNATRI-058M-PL1J
│  إنشاء: 2026-08-13T19:58:53.085329
│  انتهاء: 2026-08-14T19:58:53.085329
│  الحالة: نشط
│  التشفير: f3bd83f69720c792...
└─────────────────────────────────────┘
        
[CODE #121] - 2026-08-13 19:58:53
┌─────────────────────────────────────┐
│  كود: KNATRI-U4PJ-F541
│  إنشاء: 2026-08-13T19:58:53.085354
│  انتهاء: 2026-08-14T19:58:53.085354
│  الحالة: نشط
│  التشفير: fa32bd7ab496a4b2...
└─────────────────────────────────────┘
        
[CODE #122] - 2026-08-13 19:58:53
┌─────────────────────────────────────┐
│  كود: KNATRI-5UA7-04H2
│  إنشاء: 2026-08-13T19:58:53.085379
│  انتهاء: 2026-08-14T19:58:53.085379
│  الحالة: نشط
│  التشفير: e51907718d46011c...
└─────────────────────────────────────┘
        
[CODE #123] - 2026-08-13 19:58:53
┌─────────────────────────────────────┐
│  كود: KNATRI-C0PV-E79N
│  إنشاء: 2026-08-13T19:58:53.085406
│  انتهاء: 2026-08-14T19:58:53.085406
│  الحالة: نشط
│  التشفير: 1d8c2b063baa86bb...
└─────────────────────────────────────┘
        
[CODE #124] - 2026-08-13 19:58:53
┌─────────────────────────────────────┐
│  كود: KNATRI-LE7E-8T1K
│  إنشاء: 2026-08-13T19:58:53.085432
│  انتهاء: 2026-08-14T19:58:53.085432
│  الحالة: نشط
│  التشفير: 27222d50f2297fd0...
└─────────────────────────────────────┘
        
[CODE #125] - 2026-08-13 19:58:53
┌─────────────────────────────────────┐
│  كود: KNATRI-5B5X-2ERR
│  إنشاء: 2026-08-13T19:58:53.085459
│  انتهاء: 2026-08-14T19:58:53.085459
│  الحالة: نشط
│  التشفير: 753f1a1863ea3dd6...
└─────────────────────────────────────┘
        
[CODE #126] - 2026-08-13 19:58:53
┌─────────────────────────────────────┐
│  كود: KNATRI-L55H-U5MK
│  إنشاء: 2026-08-13T19:58:53.085485
│  انتهاء: 2026-08-14T19:58:53.085485
│  الحالة: نشط
│  التشفير: 32dc91d9eadd5c95...
└─────────────────────────────────────┘
        
[CODE #127] - 2026-08-13 19:58:53
┌─────────────────────────────────────┐
│  كود: KNATRI-PYOQ-7E27
│  إنشاء: 2026-08-13T19:58:53.085512
│  انتهاء: 2026-08-14T19:58:53.085512
│  الحالة: نشط
│  التشفير: e80bbe1f1412f004...
└─────────────────────────────────────┘
        
[CODE #128] - 2026-08-13 19:58:53
┌─────────────────────────────────────┐
│  كود: KNATRI-S4VI-KHAI
│  إنشاء: 2026-08-13T19:58:53.085544
│  انتهاء: 2026-08-14T19:58:53.085544
│  الحالة: نشط
│  التشفير: 9f9dbd974fb5a50b...
└─────────────────────────────────────┘
        
[CODE #129] - 2026-08-13 19:58:53
┌─────────────────────────────────────┐
│  كود: KNATRI-VNJL-WYDU
│  إنشاء: 2026-08-13T19:58:53.085577
│  انتهاء: 2026-08-14T19:58:53.085577
│  الحالة: نشط
│  التشفير: 6f9cfccf78757111...
└─────────────────────────────────────┘
        
[CODE #130] - 2026-08-13 19:58:53
┌─────────────────────────────────────┐
│  كود: KNATRI-B0FB-35UT
│  إنشاء: 2026-08-13T19:58:53.085602
│  انتهاء: 2026-08-14T19:58:53.085602
│  الحالة: نشط
│  التشفير: 905ca5a4af59f1bc...
└─────────────────────────────────────┘
        
[CODE #131] - 2026-08-13 19:58:53
┌─────────────────────────────────────┐
│  كود: KNATRI-90KG-IYB8
│  إنشاء: 2026-08-13T19:58:53.085628
│  انتهاء: 2026-08-14T19:58:53.085628
│  الحالة: نشط
│  التشفير: b607dc693ff33cb0...
└─────────────────────────────────────┘
        
[CODE #132] - 2026-08-13 19:58:53
┌─────────────────────────────────────┐
│  كود: KNATRI-EZSF-SSO6
│  إنشاء: 2026-08-13T19:58:53.085657
│  انتهاء: 2026-08-14T19:58:53.085657
│  الحالة: نشط
│  التشفير: 25e3955495daec93...
└─────────────────────────────────────┘
        
[CODE #133] - 2026-08-13 19:58:53
┌─────────────────────────────────────┐
│  كود: KNATRI-3KGV-WH2B
│  إنشاء: 2026-08-13T19:58:53.085682
│  انتهاء: 2026-08-14T19:58:53.085682
│  الحالة: نشط
│  التشفير: 112045d83375696e...
└─────────────────────────────────────┘
        
[CODE #134] - 2026-08-13 19:58:53
┌─────────────────────────────────────┐
│  كود: KNATRI-35GT-V3CA
│  إنشاء: 2026-08-13T19:58:53.085708
│  انتهاء: 2026-08-14T19:58:53.085708
│  الحالة: نشط
│  التشفير: 3d6d745a47dc992a...
└─────────────────────────────────────┘
        
[CODE #135] - 2026-08-13 19:58:53
┌─────────────────────────────────────┐
│  كود: KNATRI-FFPJ-GM6D
│  إنشاء: 2026-08-13T19:58:53.085734
│  انتهاء: 2026-08-14T19:58:53.085734
│  الحالة: نشط
│  التشفير: 7dd4c6177028102d...
└─────────────────────────────────────┘
        
[CODE #136] - 2026-08-13 19:58:53
┌─────────────────────────────────────┐
│  كود: KNATRI-45BV-7IFS
│  إنشاء: 2026-08-13T19:58:53.085763
│  انتهاء: 2026-08-14T19:58:53.085763
│  الحالة: نشط
│  التشفير: 7bdebcd2f6aeba9f...
└─────────────────────────────────────┘
        
[CODE #137] - 2026-08-13 19:58:53
┌─────────────────────────────────────┐
│  كود: KNATRI-KASI-AK90
│  إنشاء: 2026-08-13T19:58:53.085787
│  انتهاء: 2026-08-14T19:58:53.085787
│  الحالة: نشط
│  التشفير: 57eca47fc0a4950f...
└─────────────────────────────────────┘
        
[CODE #138] - 2026-08-13 19:58:53
┌─────────────────────────────────────┐
│  كود: KNATRI-9HXT-LLG1
│  إنشاء: 2026-08-13T19:58:53.085812
│  انتهاء: 2026-08-14T19:58:53.085812
│  الحالة: نشط
│  التشفير: 22aaae1f3f729994...
└─────────────────────────────────────┘
        
[CODE #139] - 2026-08-13 19:58:53
┌─────────────────────────────────────┐
│  كود: KNATRI-3W9V-8SMT
│  إنشاء: 2026-08-13T19:58:53.085840
│  انتهاء: 2026-08-14T19:58:53.085840
│  الحالة: نشط
│  التشفير: c98e93901104c18a...
└─────────────────────────────────────┘
        
[CODE #140] - 2026-08-13 19:58:53
┌─────────────────────────────────────┐
│  كود: KNATRI-27T2-SLKO
│  إنشاء: 2026-08-13T19:58:53.085863
│  انتهاء: 2026-08-14T19:58:53.085863
│  الحالة: نشط
│  التشفير: fe38c8262aed5756...
└─────────────────────────────────────┘
        
[CODE #141] - 2026-08-13 19:58:53
┌─────────────────────────────────────┐
│  كود: KNATRI-8IL4-NSCD
│  إنشاء: 2026-08-13T19:58:53.085888
│  انتهاء: 2026-08-14T19:58:53.085888
│  الحالة: نشط
│  التشفير: 095dfed05dd40305...
└─────────────────────────────────────┘
        
[CODE #142] - 2026-08-13 19:58:53
┌─────────────────────────────────────┐
│  كود: KNATRI-23ZH-NOPX
│  إنشاء: 2026-08-13T19:58:53.085919
│  انتهاء: 2026-08-14T19:58:53.085919
│  الحالة: نشط
│  التشفير: 879c313043bb4e42...
└─────────────────────────────────────┘
        
[CODE #143] - 2026-08-13 19:58:53
┌─────────────────────────────────────┐
│  كود: KNATRI-R2L9-YBRM
│  إنشاء: 2026-08-13T19:58:53.085951
│  انتهاء: 2026-08-14T19:58:53.085951
│  الحالة: نشط
│  التشفير: 7974a0b4f3ef02c0...
└─────────────────────────────────────┘
        
[CODE #144] - 2026-08-13 19:58:53
┌─────────────────────────────────────┐
│  كود: KNATRI-6TVB-E194
│  إنشاء: 2026-08-13T19:58:53.085977
│  انتهاء: 2026-08-14T19:58:53.085977
│  الحالة: نشط
│  التشفير: 05abd396ac0ad342...
└─────────────────────────────────────┘
        
[CODE #145] - 2026-08-13 19:58:53
┌─────────────────────────────────────┐
│  كود: KNATRI-I2PT-BECE
│  إنشاء: 2026-08-13T19:58:53.086004
│  انتهاء: 2026-08-14T19:58:53.086004
│  الحالة: نشط
│  التشفير: af843443292c320e...
└─────────────────────────────────────┘
        
[CODE #146] - 2026-08-13 19:58:53
┌─────────────────────────────────────┐
│  كود: KNATRI-M6VR-X1HM
│  إنشاء: 2026-08-13T19:58:53.086030
│  انتهاء: 2026-08-14T19:58:53.086030
│  الحالة: نشط
│  التشفير: 1bfd9aab7ffef3b5...
└─────────────────────────────────────┘
        
[CODE #147] - 2026-08-13 19:58:53
┌─────────────────────────────────────┐
│  كود: KNATRI-S71L-5XFA
│  إنشاء: 2026-08-13T19:58:53.086054
│  انتهاء: 2026-08-14T19:58:53.086054
│  الحالة: نشط
│  التشفير: 250d86c14be41f8d...
└─────────────────────────────────────┘
        
[CODE #148] - 2026-08-13 19:58:53
┌─────────────────────────────────────┐
│  كود: KNATRI-89ZI-YMH8
│  إنشاء: 2026-08-13T19:58:53.086080
│  انتهاء: 2026-08-14T19:58:53.086080
│  الحالة: نشط
│  التشفير: e1b16465d0437b5c...
└─────────────────────────────────────┘
        
[CODE #149] - 2026-08-13 19:58:53
┌─────────────────────────────────────┐
│  كود: KNATRI-QQ1Y-W8WP
│  إنشاء: 2026-08-13T19:58:53.086106
│  انتهاء: 2026-08-14T19:58:53.086106
│  الحالة: نشط
│  التشفير: 9916d6051bcf1733...
└─────────────────────────────────────┘
        
[CODE #150] - 2026-08-13 19:58:53
┌─────────────────────────────────────┐
│  كود: KNATRI-JP2N-GP6Z
│  إنشاء: 2026-08-13T19:58:53.086131
│  انتهاء: 2026-08-14T19:58:53.086131
│  الحالة: نشط
│  التشفير: e368788c22d9bd15...
└─────────────────────────────────────┘
        
[CODE #151] - 2026-08-13 19:58:53
┌─────────────────────────────────────┐
│  كود: KNATRI-JKH1-QUFL
│  إنشاء: 2026-08-13T19:58:53.086157
│  انتهاء: 2026-08-14T19:58:53.086157
│  الحالة: نشط
│  التشفير: d4bf623cb458b97c...
└─────────────────────────────────────┘
        
[CODE #152] - 2026-08-13 19:58:53
┌─────────────────────────────────────┐
│  كود: KNATRI-WRFK-ALM8
│  إنشاء: 2026-08-13T19:58:53.086183
│  انتهاء: 2026-08-14T19:58:53.086183
│  الحالة: نشط
│  التشفير: 81689584b7419ec1...
└─────────────────────────────────────┘
        
[CODE #153] - 2026-08-13 19:58:53
┌─────────────────────────────────────┐
│  كود: KNATRI-90V9-D2A4
│  إنشاء: 2026-08-13T19:58:53.086207
│  انتهاء: 2026-08-14T19:58:53.086207
│  الحالة: نشط
│  التشفير: 7640db3d23d939fa...
└─────────────────────────────────────┘
        
[CODE #154] - 2026-08-13 19:58:53
┌─────────────────────────────────────┐
│  كود: KNATRI-DFNQ-AB1V
│  إنشاء: 2026-08-13T19:58:53.086233
│  انتهاء: 2026-08-14T19:58:53.086233
│  الحالة: نشط
│  التشفير: 47c5c3d0e0d3cc52...
└─────────────────────────────────────┘
        
[CODE #155] - 2026-08-13 19:58:53
┌─────────────────────────────────────┐
│  كود: KNATRI-CTAF-IMFB
│  إنشاء: 2026-08-13T19:58:53.086256
│  انتهاء: 2026-08-14T19:58:53.086256
│  الحالة: نشط
│  التشفير: 979d7cb2174a20da...
└─────────────────────────────────────┘
        
[CODE #156] - 2026-08-13 19:58:53
┌─────────────────────────────────────┐
│  كود: KNATRI-4UM4-5X59
│  إنشاء: 2026-08-13T19:58:53.086279
│  انتهاء: 2026-08-14T19:58:53.086279
│  الحالة: نشط
│  التشفير: 0288da1387689e8d...
└─────────────────────────────────────┘
        
[CODE #157] - 2026-08-13 19:58:53
┌─────────────────────────────────────┐
│  كود: KNATRI-4UTV-BJA1
│  إنشاء: 2026-08-13T19:58:53.086304
│  انتهاء: 2026-08-14T19:58:53.086304
│  الحالة: نشط
│  التشفير: 170af9cb20ad2c64...
└─────────────────────────────────────┘
        
[CODE #158] - 2026-08-13 19:58:53
┌─────────────────────────────────────┐
│  كود: KNATRI-I9XH-5FXC
│  إنشاء: 2026-08-13T19:58:53.086331
│  انتهاء: 2026-08-14T19:58:53.086331
│  الحالة: نشط
│  التشفير: 7041cbc99d1ea0c5...
└─────────────────────────────────────┘
        
[CODE #159] - 2026-08-13 19:58:53
┌─────────────────────────────────────┐
│  كود: KNATRI-5XQN-T0GI
│  إنشاء: 2026-08-13T19:58:53.086356
│  انتهاء: 2026-08-14T19:58:53.086356
│  الحالة: نشط
│  التشفير: 215726acdebb7d89...
└─────────────────────────────────────┘
        
[CODE #160] - 2026-08-13 19:58:53
┌─────────────────────────────────────┐
│  كود: KNATRI-PNAC-JGD1
│  إنشاء: 2026-08-13T19:58:53.086387
│  انتهاء: 2026-08-14T19:58:53.086387
│  الحالة: نشط
│  التشفير: 46cf2257d33ca7ce...
└─────────────────────────────────────┘
        
[CODE #161] - 2026-08-13 19:58:53
┌─────────────────────────────────────┐
│  كود: KNATRI-KQ5P-F00R
│  إنشاء: 2026-08-13T19:58:53.086414
│  انتهاء: 2026-08-14T19:58:53.086414
│  الحالة: نشط
│  التشفير: 3984ab75517f1853...
└─────────────────────────────────────┘
        
[CODE #162] - 2026-08-13 19:58:53
┌─────────────────────────────────────┐
│  كود: KNATRI-GWBC-LAMW
│  إنشاء: 2026-08-13T19:58:53.086440
│  انتهاء: 2026-08-14T19:58:53.086440
│  الحالة: نشط
│  التشفير: f2d0721618e975fa...
└─────────────────────────────────────┘
        
[CODE #163] - 2026-08-13 19:58:53
┌─────────────────────────────────────┐
│  كود: KNATRI-E62A-ZWXS
│  إنشاء: 2026-08-13T19:58:53.086465
│  انتهاء: 2026-08-14T19:58:53.086465
│  الحالة: نشط
│  التشفير: 6dfe562459b74d0c...
└─────────────────────────────────────┘
        
[CODE #164] - 2026-08-13 19:58:53
┌─────────────────────────────────────┐
│  كود: KNATRI-LEA6-9B6V
│  إنشاء: 2026-08-13T19:58:53.086492
│  انتهاء: 2026-08-14T19:58:53.086492
│  الحالة: نشط
│  التشفير: bdb3d21d08d510b7...
└─────────────────────────────────────┘
        
[CODE #165] - 2026-08-13 19:58:53
┌─────────────────────────────────────┐
│  كود: KNATRI-KXJQ-O8UG
│  إنشاء: 2026-08-13T19:58:53.086517
│  انتهاء: 2026-08-14T19:58:53.086517
│  الحالة: نشط
│  التشفير: fc711a301cb2e4da...
└─────────────────────────────────────┘
        
[CODE #166] - 2026-08-13 19:58:53
┌─────────────────────────────────────┐
│  كود: KNATRI-0Z08-SE3T
│  إنشاء: 2026-08-13T19:58:53.086549
│  انتهاء: 2026-08-14T19:58:53.086549
│  الحالة: نشط
│  التشفير: 2eabb34589fde3f3...
└─────────────────────────────────────┘
        
[CODE #167] - 2026-08-13 19:58:53
┌─────────────────────────────────────┐
│  كود: KNATRI-VRNB-9WU6
│  إنشاء: 2026-08-13T19:58:53.086577
│  انتهاء: 2026-08-14T19:58:53.086577
│  الحالة: نشط
│  التشفير: fe76a42eefa4dc33...
└─────────────────────────────────────┘
        
[CODE #168] - 2026-08-13 19:58:53
┌─────────────────────────────────────┐
│  كود: KNATRI-T4BY-YAL9
│  إنشاء: 2026-08-13T19:58:53.086604
│  انتهاء: 2026-08-14T19:58:53.086604
│  الحالة: نشط
│  التشفير: 686f1b89a78d5939...
└─────────────────────────────────────┘
        
[CODE #169] - 2026-08-13 19:58:53
┌─────────────────────────────────────┐
│  كود: KNATRI-USGM-YNYD
│  إنشاء: 2026-08-13T19:58:53.086631
│  انتهاء: 2026-08-14T19:58:53.086631
│  الحالة: نشط
│  التشفير: b3e345804822f79c...
└─────────────────────────────────────┘
        
[CODE #170] - 2026-08-13 19:58:53
┌─────────────────────────────────────┐
│  كود: KNATRI-79XU-XA5B
│  إنشاء: 2026-08-13T19:58:53.086655
│  انتهاء: 2026-08-14T19:58:53.086655
│  الحالة: نشط
│  التشفير: a2b711f9f31c4c58...
└─────────────────────────────────────┘
        
[CODE #171] - 2026-08-13 19:58:53
┌─────────────────────────────────────┐
│  كود: KNATRI-IKZO-R6GR
│  إنشاء: 2026-08-13T19:58:53.086680
│  انتهاء: 2026-08-14T19:58:53.086680
│  الحالة: نشط
│  التشفير: edbfd6b108556c30...
└─────────────────────────────────────┘
        
[CODE #172] - 2026-08-13 19:58:53
┌─────────────────────────────────────┐
│  كود: KNATRI-XKB5-H0FE
│  إنشاء: 2026-08-13T19:58:53.086705
│  انتهاء: 2026-08-14T19:58:53.086705
│  الحالة: نشط
│  التشفير: 7c273b7196bdbef2...
└─────────────────────────────────────┘
        
[CODE #173] - 2026-08-13 19:58:53
┌─────────────────────────────────────┐
│  كود: KNATRI-9JLK-6QV9
│  إنشاء: 2026-08-13T19:58:53.086731
│  انتهاء: 2026-08-14T19:58:53.086731
│  الحالة: نشط
│  التشفير: b6c48c474de13406...
└─────────────────────────────────────┘
        
[CODE #174] - 2026-08-13 19:58:53
┌─────────────────────────────────────┐
│  كود: KNATRI-K2V7-L8C3
│  إنشاء: 2026-08-13T19:58:53.086759
│  انتهاء: 2026-08-14T19:58:53.086759
│  الحالة: نشط
│  التشفير: dd6f3ba0ca9e24a1...
└─────────────────────────────────────┘
        
[CODE #175] - 2026-08-13 19:58:53
┌─────────────────────────────────────┐
│  كود: KNATRI-IQNK-ID0I
│  إنشاء: 2026-08-13T19:58:53.086786
│  انتهاء: 2026-08-14T19:58:53.086786
│  الحالة: نشط
│  التشفير: 9d62e588c5b89b90...
└─────────────────────────────────────┘
        
[CODE #176] - 2026-08-13 19:58:53
┌─────────────────────────────────────┐
│  كود: KNATRI-QYNN-X69O
│  إنشاء: 2026-08-13T19:58:53.086811
│  انتهاء: 2026-08-14T19:58:53.086811
│  الحالة: نشط
│  التشفير: 1a9fd886d131456b...
└─────────────────────────────────────┘
        
[CODE #177] - 2026-08-13 19:58:53
┌─────────────────────────────────────┐
│  كود: KNATRI-1I1Y-C70T
│  إنشاء: 2026-08-13T19:58:53.086837
│  انتهاء: 2026-08-14T19:58:53.086837
│  الحالة: نشط
│  التشفير: b7a7fba1d841cd98...
└─────────────────────────────────────┘
        
[CODE #178] - 2026-08-13 19:58:53
┌─────────────────────────────────────┐
│  كود: KNATRI-NWWX-4QXD
│  إنشاء: 2026-08-13T19:58:53.086868
│  انتهاء: 2026-08-14T19:58:53.086868
│  الحالة: نشط
│  التشفير: 9f3a437ebc760f8b...
└─────────────────────────────────────┘
        
[CODE #179] - 2026-08-13 19:58:53
┌─────────────────────────────────────┐
│  كود: KNATRI-HJNA-92TA
│  إنشاء: 2026-08-13T19:58:53.086892
│  انتهاء: 2026-08-14T19:58:53.086892
│  الحالة: نشط
│  التشفير: 38f2e31ef711c930...
└─────────────────────────────────────┘
        
[CODE #180] - 2026-08-13 19:58:53
┌─────────────────────────────────────┐
│  كود: KNATRI-GLVP-M217
│  إنشاء: 2026-08-13T19:58:53.086918
│  انتهاء: 2026-08-14T19:58:53.086918
│  الحالة: نشط
│  التشفير: b2129db70410ef60...
└─────────────────────────────────────┘
        
[CODE #181] - 2026-08-13 19:58:53
┌─────────────────────────────────────┐
│  كود: KNATRI-VZ34-YKDI
│  إنشاء: 2026-08-13T19:58:53.086941
│  انتهاء: 2026-08-14T19:58:53.086941
│  الحالة: نشط
│  التشفير: d981a90adb0d8717...
└─────────────────────────────────────┘
        
[CODE #182] - 2026-08-13 19:58:53
┌─────────────────────────────────────┐
│  كود: KNATRI-B9DE-GYY6
│  إنشاء: 2026-08-13T19:58:53.086969
│  انتهاء: 2026-08-14T19:58:53.086969
│  الحالة: نشط
│  التشفير: 9015df0c3ad3c0c7...
└─────────────────────────────────────┘
        
[CODE #183] - 2026-08-13 19:58:53
┌─────────────────────────────────────┐
│  كود: KNATRI-ZD0Y-2QHV
│  إنشاء: 2026-08-13T19:58:53.086992
│  انتهاء: 2026-08-14T19:58:53.086992
│  الحالة: نشط
│  التشفير: 5454ec226ffda73b...
└─────────────────────────────────────┘
        
[CODE #184] - 2026-08-13 19:58:53
┌─────────────────────────────────────┐
│  كود: KNATRI-VJNU-HI6Y
│  إنشاء: 2026-08-13T19:58:53.087016
│  انتهاء: 2026-08-14T19:58:53.087016
│  الحالة: نشط
│  التشفير: c3f154d20babd068...
└─────────────────────────────────────┘
        
[CODE #185] - 2026-08-13 19:58:53
┌─────────────────────────────────────┐
│  كود: KNATRI-EBP6-79NC
│  إنشاء: 2026-08-13T19:58:53.087046
│  انتهاء: 2026-08-14T19:58:53.087046
│  الحالة: نشط
│  التشفير: 06413d295ec6369d...
└─────────────────────────────────────┘
        
[CODE #186] - 2026-08-13 19:58:53
┌─────────────────────────────────────┐
│  كود: KNATRI-I9B9-S0O7
│  إنشاء: 2026-08-13T19:58:53.087071
│  انتهاء: 2026-08-14T19:58:53.087071
│  الحالة: نشط
│  التشفير: fffcd9d155099bf8...
└─────────────────────────────────────┘
        
[CODE #187] - 2026-08-13 19:58:53
┌─────────────────────────────────────┐
│  كود: KNATRI-MN3T-RXU8
│  إنشاء: 2026-08-13T19:58:53.087100
│  انتهاء: 2026-08-14T19:58:53.087100
│  الحالة: نشط
│  التشفير: e863ea0e11718068...
└─────────────────────────────────────┘
        
[CODE #188] - 2026-08-13 19:58:53
┌─────────────────────────────────────┐
│  كود: KNATRI-WKL5-D73D
│  إنشاء: 2026-08-13T19:58:53.087125
│  انتهاء: 2026-08-14T19:58:53.087125
│  الحالة: نشط
│  التشفير: f3189b64e1e4a0ce...
└─────────────────────────────────────┘
        
[CODE #189] - 2026-08-13 19:58:53
┌─────────────────────────────────────┐
│  كود: KNATRI-L8XK-QXTG
│  إنشاء: 2026-08-13T19:58:53.087150
│  انتهاء: 2026-08-14T19:58:53.087150
│  الحالة: نشط
│  التشفير: e320ac581ace9bd8...
└─────────────────────────────────────┘
        
[CODE #190] - 2026-08-13 19:58:53
┌─────────────────────────────────────┐
│  كود: KNATRI-RDBT-1WZI
│  إنشاء: 2026-08-13T19:58:53.087172
│  انتهاء: 2026-08-14T19:58:53.087172
│  الحالة: نشط
│  التشفير: 46a82363ecc0b028...
└─────────────────────────────────────┘
        
[CODE #191] - 2026-08-13 19:58:53
┌─────────────────────────────────────┐
│  كود: KNATRI-5558-GOCX
│  إنشاء: 2026-08-13T19:58:53.087197
│  انتهاء: 2026-08-14T19:58:53.087197
│  الحالة: نشط
│  التشفير: 39f4eb24871fc597...
└─────────────────────────────────────┘
        
[CODE #192] - 2026-08-13 19:58:53
┌─────────────────────────────────────┐
│  كود: KNATRI-I09M-7I9K
│  إنشاء: 2026-08-13T19:58:53.087225
│  انتهاء: 2026-08-14T19:58:53.087225
│  الحالة: نشط
│  التشفير: abdac68ea7637882...
└─────────────────────────────────────┘
        
[CODE #193] - 2026-08-13 19:58:53
┌─────────────────────────────────────┐
│  كود: KNATRI-MFSV-W74B
│  إنشاء: 2026-08-13T19:58:53.087250
│  انتهاء: 2026-08-14T19:58:53.087250
│  الحالة: نشط
│  التشفير: 8c6734ba5a456a86...
└─────────────────────────────────────┘
        
[CODE #194] - 2026-08-13 19:58:53
┌─────────────────────────────────────┐
│  كود: KNATRI-OJ0K-VJHO
│  إنشاء: 2026-08-13T19:58:53.087273
│  انتهاء: 2026-08-14T19:58:53.087273
│  الحالة: نشط
│  التشفير: a18d2ebe54644a4a...
└─────────────────────────────────────┘
        
[CODE #195] - 2026-08-13 19:58:53
┌─────────────────────────────────────┐
│  كود: KNATRI-E6UC-PC5U
│  إنشاء: 2026-08-13T19:58:53.087301
│  انتهاء: 2026-08-14T19:58:53.087301
│  الحالة: نشط
│  التشفير: 82d32e5f05436112...
└─────────────────────────────────────┘
        
[CODE #196] - 2026-08-13 19:58:53
┌─────────────────────────────────────┐
│  كود: KNATRI-VMCX-WU2Z
│  إنشاء: 2026-08-13T19:58:53.087328
│  انتهاء: 2026-08-14T19:58:53.087328
│  الحالة: نشط
│  التشفير: 74b60cae6327b914...
└─────────────────────────────────────┘
        
[CODE #197] - 2026-08-13 19:58:53
┌─────────────────────────────────────┐
│  كود: KNATRI-Z8R8-QNG2
│  إنشاء: 2026-08-13T19:58:53.087354
│  انتهاء: 2026-08-14T19:58:53.087354
│  الحالة: نشط
│  التشفير: 7dc804307440e2ce...
└─────────────────────────────────────┘
        
[CODE #198] - 2026-08-13 19:58:53
┌─────────────────────────────────────┐
│  كود: KNATRI-I4DT-0WHY
│  إنشاء: 2026-08-13T19:58:53.087381
│  انتهاء: 2026-08-14T19:58:53.087381
│  الحالة: نشط
│  التشفير: 0e8771f066b04a39...
└─────────────────────────────────────┘
        
[CODE #199] - 2026-08-13 19:58:53
┌─────────────────────────────────────┐
│  كود: KNATRI-ABHR-WEQE
│  إنشاء: 2026-08-13T19:58:53.087408
│  انتهاء: 2026-08-14T19:58:53.087408
│  الحالة: نشط
│  التشفير: 731c53f4ca60ac46...
└─────────────────────────────────────┘
        
[CODE #200] - 2026-08-13 19:58:53
┌─────────────────────────────────────┐
│  كود: KNATRI-B63R-27SV
│  إنشاء: 2026-08-13T19:58:53.087436
│  انتهاء: 2026-08-14T19:58:53.087436
│  الحالة: نشط
│  التشفير: c3d40a1a51d37605...
└─────────────────────────────────────┘
        
[CODE #201] - 2026-08-13 19:58:53
┌─────────────────────────────────────┐
│  كود: KNATRI-25LN-IVYA
│  إنشاء: 2026-08-13T19:58:53.087463
│  انتهاء: 2026-08-14T19:58:53.087463
│  الحالة: نشط
│  التشفير: 80963249767e263c...
└─────────────────────────────────────┘
        
[CODE #202] - 2026-08-13 19:58:53
┌─────────────────────────────────────┐
│  كود: KNATRI-GU26-N85K
│  إنشاء: 2026-08-13T19:58:53.087489
│  انتهاء: 2026-08-14T19:58:53.087489
│  الحالة: نشط
│  التشفير: 7cf4f97e268be806...
└─────────────────────────────────────┘
        
[CODE #203] - 2026-08-13 19:58:53
┌─────────────────────────────────────┐
│  كود: KNATRI-O7H2-NDAI
│  إنشاء: 2026-08-13T19:58:53.087515
│  انتهاء: 2026-08-14T19:58:53.087515
│  الحالة: نشط
│  التشفير: 9d326affda302cd3...
└─────────────────────────────────────┘
        
[CODE #204] - 2026-08-13 19:58:53
┌─────────────────────────────────────┐
│  كود: KNATRI-RIGG-V2GW
│  إنشاء: 2026-08-13T19:58:53.087548
│  انتهاء: 2026-08-14T19:58:53.087548
│  الحالة: نشط
│  التشفير: fd6d0e02dd20dea8...
└─────────────────────────────────────┘
        
[CODE #205] - 2026-08-13 19:58:53
┌─────────────────────────────────────┐
│  كود: KNATRI-HLBM-IL76
│  إنشاء: 2026-08-13T19:58:53.087579
│  انتهاء: 2026-08-14T19:58:53.087579
│  الحالة: نشط
│  التشفير: ade67c0818b8ecbc...
└─────────────────────────────────────┘
        
[CODE #206] - 2026-08-13 19:58:53
┌─────────────────────────────────────┐
│  كود: KNATRI-Q9ST-E13P
│  إنشاء: 2026-08-13T19:58:53.087606
│  انتهاء: 2026-08-14T19:58:53.087606
│  الحالة: نشط
│  التشفير: e8e44b86e9903b04...
└─────────────────────────────────────┘
        
[CODE #207] - 2026-08-13 19:58:53
┌─────────────────────────────────────┐
│  كود: KNATRI-JN7Z-01LA
│  إنشاء: 2026-08-13T19:58:53.087632
│  انتهاء: 2026-08-14T19:58:53.087632
│  الحالة: نشط
│  التشفير: 534390ab5afa7b63...
└─────────────────────────────────────┘
        
[CODE #208] - 2026-08-13 19:58:53
┌─────────────────────────────────────┐
│  كود: KNATRI-2V6G-6P2U
│  إنشاء: 2026-08-13T19:58:53.087655
│  انتهاء: 2026-08-14T19:58:53.087655
│  الحالة: نشط
│  التشفير: 3b2e58e9e5720fa2...
└─────────────────────────────────────┘
        
[CODE #209] - 2026-08-13 19:58:53
┌─────────────────────────────────────┐
│  كود: KNATRI-7ZME-0AGW
│  إنشاء: 2026-08-13T19:58:53.087678
│  انتهاء: 2026-08-14T19:58:53.087678
│  الحالة: نشط
│  التشفير: 9169b055008ccc42...
└─────────────────────────────────────┘
        
[CODE #210] - 2026-08-13 19:58:53
┌─────────────────────────────────────┐
│  كود: KNATRI-HQS7-61Z5
│  إنشاء: 2026-08-13T19:58:53.087706
│  انتهاء: 2026-08-14T19:58:53.087706
│  الحالة: نشط
│  التشفير: 38df7fbe801835e9...
└─────────────────────────────────────┘
        
[CODE #211] - 2026-08-13 19:58:53
┌─────────────────────────────────────┐
│  كود: KNATRI-DY04-5RJR
│  إنشاء: 2026-08-13T19:58:53.087730
│  انتهاء: 2026-08-14T19:58:53.087730
│  الحالة: نشط
│  التشفير: 0d5f8616c1a6b29c...
└─────────────────────────────────────┘
        
[CODE #212] - 2026-08-13 19:58:53
┌─────────────────────────────────────┐
│  كود: KNATRI-PENG-T4CE
│  إنشاء: 2026-08-13T19:58:53.087756
│  انتهاء: 2026-08-14T19:58:53.087756
│  الحالة: نشط
│  التشفير: 0b863e6a33ca1689...
└─────────────────────────────────────┘
        
[CODE #213] - 2026-08-13 19:58:53
┌─────────────────────────────────────┐
│  كود: KNATRI-SK8R-7K4K
│  إنشاء: 2026-08-13T19:58:53.087786
│  انتهاء: 2026-08-14T19:58:53.087786
│  الحالة: نشط
│  التشفير: 9d1eff72123fb0f8...
└─────────────────────────────────────┘
        
[CODE #214] - 2026-08-13 19:58:53
┌─────────────────────────────────────┐
│  كود: KNATRI-312J-DFAX
│  إنشاء: 2026-08-13T19:58:53.087811
│  انتهاء: 2026-08-14T19:58:53.087811
│  الحالة: نشط
│  التشفير: e45e1e8ad94ae894...
└─────────────────────────────────────┘
        
[CODE #215] - 2026-08-13 19:58:53
┌─────────────────────────────────────┐
│  كود: KNATRI-88B7-JKL8
│  إنشاء: 2026-08-13T19:58:53.087836
│  انتهاء: 2026-08-14T19:58:53.087836
│  الحالة: نشط
│  التشفير: e862830dd1bfd641...
└─────────────────────────────────────┘
        
[CODE #216] - 2026-08-13 19:58:53
┌─────────────────────────────────────┐
│  كود: KNATRI-EE8S-RBK0
│  إنشاء: 2026-08-13T19:58:53.087861
│  انتهاء: 2026-08-14T19:58:53.087861
│  الحالة: نشط
│  التشفير: 7d5212ccfcb34dcc...
└─────────────────────────────────────┘
        
[CODE #217] - 2026-08-13 19:58:53
┌─────────────────────────────────────┐
│  كود: KNATRI-5X3T-K7K7
│  إنشاء: 2026-08-13T19:58:53.087886
│  انتهاء: 2026-08-14T19:58:53.087886
│  الحالة: نشط
│  التشفير: 13a482786cd7b7f8...
└─────────────────────────────────────┘
        
[CODE #218] - 2026-08-13 19:58:53
┌─────────────────────────────────────┐
│  كود: KNATRI-MEIM-1MEW
│  إنشاء: 2026-08-13T19:58:53.087911
│  انتهاء: 2026-08-14T19:58:53.087911
│  الحالة: نشط
│  التشفير: 6ce886dec480ca22...
└─────────────────────────────────────┘
        
[CODE #219] - 2026-08-13 19:58:53
┌─────────────────────────────────────┐
│  كود: KNATRI-G8RU-TUJI
│  إنشاء: 2026-08-13T19:58:53.087935
│  انتهاء: 2026-08-14T19:58:53.087935
│  الحالة: نشط
│  التشفير: 5fc3dbe79ce958f1...
└─────────────────────────────────────┘
        
[CODE #220] - 2026-08-13 19:58:53
┌─────────────────────────────────────┐
│  كود: KNATRI-QNAF-5XFF
│  إنشاء: 2026-08-13T19:58:53.087961
│  انتهاء: 2026-08-14T19:58:53.087961
│  الحالة: نشط
│  التشفير: dd7167e12212d2d9...
└─────────────────────────────────────┘
        
[CODE #221] - 2026-08-13 19:58:53
┌─────────────────────────────────────┐
│  كود: KNATRI-NMC8-WZ7U
│  إنشاء: 2026-08-13T19:58:53.087987
│  انتهاء: 2026-08-14T19:58:53.087987
│  الحالة: نشط
│  التشفير: ecd01ccad30c718a...
└─────────────────────────────────────┘
        
[CODE #222] - 2026-08-13 19:58:53
┌─────────────────────────────────────┐
│  كود: KNATRI-0FIX-CL8B
│  إنشاء: 2026-08-13T19:58:53.088010
│  انتهاء: 2026-08-14T19:58:53.088010
│  الحالة: نشط
│  التشفير: 5119f1556be2ed5d...
└─────────────────────────────────────┘
        
[CODE #223] - 2026-08-13 19:58:53
┌─────────────────────────────────────┐
│  كود: KNATRI-ODB5-QBBR
│  إنشاء: 2026-08-13T19:58:53.088036
│  انتهاء: 2026-08-14T19:58:53.088036
│  الحالة: نشط
│  التشفير: 9aa39b1298f4e510...
└─────────────────────────────────────┘
        
[CODE #224] - 2026-08-13 19:58:53
┌─────────────────────────────────────┐
│  كود: KNATRI-V18Y-QZ9P
│  إنشاء: 2026-08-13T19:58:53.088060
│  انتهاء: 2026-08-14T19:58:53.088060
│  الحالة: نشط
│  التشفير: da97d654767637fe...
└─────────────────────────────────────┘
        
[CODE #225] - 2026-08-13 19:58:53
┌─────────────────────────────────────┐
│  كود: KNATRI-ED7X-W3TF
│  إنشاء: 2026-08-13T19:58:53.088090
│  انتهاء: 2026-08-14T19:58:53.088090
│  الحالة: نشط
│  التشفير: b55356bb51d37279...
└─────────────────────────────────────┘
        
[CODE #226] - 2026-08-13 19:58:53
┌─────────────────────────────────────┐
│  كود: KNATRI-TH17-NHY4
│  إنشاء: 2026-08-13T19:58:53.088117
│  انتهاء: 2026-08-14T19:58:53.088117
│  الحالة: نشط
│  التشفير: c412a2fd07b3700c...
└─────────────────────────────────────┘
        
[CODE #227] - 2026-08-13 19:58:53
┌─────────────────────────────────────┐
│  كود: KNATRI-TXTS-EKQG
│  إنشاء: 2026-08-13T19:58:53.088144
│  انتهاء: 2026-08-14T19:58:53.088144
│  الحالة: نشط
│  التشفير: f45d0bddf348bd2a...
└─────────────────────────────────────┘
        
[CODE #228] - 2026-08-13 19:58:53
┌─────────────────────────────────────┐
│  كود: KNATRI-Z2SZ-AC5N
│  إنشاء: 2026-08-13T19:58:53.088171
│  انتهاء: 2026-08-14T19:58:53.088171
│  الحالة: نشط
│  التشفير: 1751234124cef06b...
└─────────────────────────────────────┘
        
[CODE #229] - 2026-08-13 19:58:53
┌─────────────────────────────────────┐
│  كود: KNATRI-PVCQ-Z9NJ
│  إنشاء: 2026-08-13T19:58:53.088200
│  انتهاء: 2026-08-14T19:58:53.088200
│  الحالة: نشط
│  التشفير: 051cbe440918902f...
└─────────────────────────────────────┘
        
[CODE #230] - 2026-08-13 19:58:53
┌─────────────────────────────────────┐
│  كود: KNATRI-TMNO-4P4U
│  إنشاء: 2026-08-13T19:58:53.088232
│  انتهاء: 2026-08-14T19:58:53.088232
│  الحالة: نشط
│  التشفير: 30cdb50e460e2cd6...
└─────────────────────────────────────┘
        
[CODE #231] - 2026-08-13 19:58:53
┌─────────────────────────────────────┐
│  كود: KNATRI-4EV9-Q8CC
│  إنشاء: 2026-08-13T19:58:53.088258
│  انتهاء: 2026-08-14T19:58:53.088258
│  الحالة: نشط
│  التشفير: 40e47efcd3535436...
└─────────────────────────────────────┘
        
[CODE #232] - 2026-08-13 19:58:53
┌─────────────────────────────────────┐
│  كود: KNATRI-5A4G-5377
│  إنشاء: 2026-08-13T19:58:53.088286
│  انتهاء: 2026-08-14T19:58:53.088286
│  الحالة: نشط
│  التشفير: 911db9e16ef483f0...
└─────────────────────────────────────┘
        
[CODE #233] - 2026-08-13 19:58:53
┌─────────────────────────────────────┐
│  كود: KNATRI-QWSE-2E1I
│  إنشاء: 2026-08-13T19:58:53.088310
│  انتهاء: 2026-08-14T19:58:53.088310
│  الحالة: نشط
│  التشفير: ccf30a0106cdf1ba...
└─────────────────────────────────────┘
        
[CODE #234] - 2026-08-13 19:58:53
┌─────────────────────────────────────┐
│  كود: KNATRI-DUYC-T3S4
│  إنشاء: 2026-08-13T19:58:53.088335
│  انتهاء: 2026-08-14T19:58:53.088335
│  الحالة: نشط
│  التشفير: aac9f544e768dad0...
└─────────────────────────────────────┘
        
[CODE #235] - 2026-08-13 19:58:53
┌─────────────────────────────────────┐
│  كود: KNATRI-A0JB-0DW2
│  إنشاء: 2026-08-13T19:58:53.088361
│  انتهاء: 2026-08-14T19:58:53.088361
│  الحالة: نشط
│  التشفير: c06f9f16c5be1c05...
└─────────────────────────────────────┘
        
[CODE #236] - 2026-08-13 19:58:53
┌─────────────────────────────────────┐
│  كود: KNATRI-A930-LP6I
│  إنشاء: 2026-08-13T19:58:53.088388
│  انتهاء: 2026-08-14T19:58:53.088388
│  الحالة: نشط
│  التشفير: 86bd7e9afa6c4427...
└─────────────────────────────────────┘
        
[CODE #237] - 2026-08-13 19:58:53
┌─────────────────────────────────────┐
│  كود: KNATRI-CQZ0-ZAEV
│  إنشاء: 2026-08-13T19:58:53.088413
│  انتهاء: 2026-08-14T19:58:53.088413
│  الحالة: نشط
│  التشفير: ed53aeb4f7425c4c...
└─────────────────────────────────────┘
        
[CODE #238] - 2026-08-13 19:58:53
┌─────────────────────────────────────┐
│  كود: KNATRI-YPEZ-DZ33
│  إنشاء: 2026-08-13T19:58:53.088440
│  انتهاء: 2026-08-14T19:58:53.088440
│  الحالة: نشط
│  التشفير: 37d71e23af917d8e...
└─────────────────────────────────────┘
        
[CODE #239] - 2026-08-13 19:58:53
┌─────────────────────────────────────┐
│  كود: KNATRI-G0AB-BO7V
│  إنشاء: 2026-08-13T19:58:53.088468
│  انتهاء: 2026-08-14T19:58:53.088468
│  الحالة: نشط
│  التشفير: f53c57731b57e54f...
└─────────────────────────────────────┘
        
[CODE #240] - 2026-08-13 19:58:53
┌─────────────────────────────────────┐
│  كود: KNATRI-R98R-DKO6
│  إنشاء: 2026-08-13T19:58:53.088495
│  انتهاء: 2026-08-14T19:58:53.088495
│  الحالة: نشط
│  التشفير: 72ab6a401a19e822...
└─────────────────────────────────────┘
        
[CODE #241] - 2026-08-13 19:58:53
┌─────────────────────────────────────┐
│  كود: KNATRI-B2JY-9N3S
│  إنشاء: 2026-08-13T19:58:53.088524
│  انتهاء: 2026-08-14T19:58:53.088524
│  الحالة: نشط
│  التشفير: 0d7e551d2ff4438e...
└─────────────────────────────────────┘
        
[CODE #242] - 2026-08-13 19:58:53
┌─────────────────────────────────────┐
│  كود: KNATRI-8UQ9-B504
│  إنشاء: 2026-08-13T19:58:53.088556
│  انتهاء: 2026-08-14T19:58:53.088556
│  الحالة: نشط
│  التشفير: a3f901428ccfa97d...
└─────────────────────────────────────┘
        
[CODE #243] - 2026-08-13 19:58:53
┌─────────────────────────────────────┐
│  كود: KNATRI-97YY-6LW3
│  إنشاء: 2026-08-13T19:58:53.088584
│  انتهاء: 2026-08-14T19:58:53.088584
│  الحالة: نشط
│  التشفير: 35ca34b97a5006e9...
└─────────────────────────────────────┘
        
[CODE #244] - 2026-08-13 19:58:53
┌─────────────────────────────────────┐
│  كود: KNATRI-21NZ-AP75
│  إنشاء: 2026-08-13T19:58:53.088610
│  انتهاء: 2026-08-14T19:58:53.088610
│  الحالة: نشط
│  التشفير: 6e3207ea3d3fa143...
└─────────────────────────────────────┘
        
[CODE #245] - 2026-08-13 19:58:53
┌─────────────────────────────────────┐
│  كود: KNATRI-G6KT-1UXB
│  إنشاء: 2026-08-13T19:58:53.088637
│  انتهاء: 2026-08-14T19:58:53.088637
│  الحالة: نشط
│  التشفير: 1d3b976321bf48c8...
└─────────────────────────────────────┘
        
[CODE #246] - 2026-08-13 19:58:53
┌─────────────────────────────────────┐
│  كود: KNATRI-7743-WWVY
│  إنشاء: 2026-08-13T19:58:53.088664
│  انتهاء: 2026-08-14T19:58:53.088664
│  الحالة: نشط
│  التشفير: aad1f5f0054cb989...
└─────────────────────────────────────┘
        
[CODE #247] - 2026-08-13 19:58:53
┌─────────────────────────────────────┐
│  كود: KNATRI-6P1W-KGA5
│  إنشاء: 2026-08-13T19:58:53.088693
│  انتهاء: 2026-08-14T19:58:53.088693
│  الحالة: نشط
│  التشفير: e4871bc55e06ae66...
└─────────────────────────────────────┘
        
[CODE #248] - 2026-08-13 19:58:53
┌─────────────────────────────────────┐
│  كود: KNATRI-M2JL-EEU7
│  إنشاء: 2026-08-13T19:58:53.088722
│  انتهاء: 2026-08-14T19:58:53.088722
│  الحالة: نشط
│  التشفير: d89f904ba2977408...
└─────────────────────────────────────┘
        
[CODE #249] - 2026-08-13 19:58:53
┌─────────────────────────────────────┐
│  كود: KNATRI-BWTQ-24J3
│  إنشاء: 2026-08-13T19:58:53.088746
│  انتهاء: 2026-08-14T19:58:53.088746
│  الحالة: نشط
│  التشفير: a5d87b7cfdd2956e...
└─────────────────────────────────────┘
        
[CODE #250] - 2026-08-13 19:58:53
┌─────────────────────────────────────┐
│  كود: KNATRI-SNL6-GYDJ
│  إنشاء: 2026-08-13T19:58:53.088776
│  انتهاء: 2026-08-14T19:58:53.088776
│  الحالة: نشط
│  التشفير: 553f1813786b8dc2...
└─────────────────────────────────────┘
        
[CODE #251] - 2026-08-13 19:58:53
┌─────────────────────────────────────┐
│  كود: KNATRI-RDPE-FYWS
│  إنشاء: 2026-08-13T19:58:53.088801
│  انتهاء: 2026-08-14T19:58:53.088801
│  الحالة: نشط
│  التشفير: d2d7941edae03f19...
└─────────────────────────────────────┘
        
[CODE #252] - 2026-08-13 19:58:53
┌─────────────────────────────────────┐
│  كود: KNATRI-B58O-U4OU
│  إنشاء: 2026-08-13T19:58:53.088825
│  انتهاء: 2026-08-14T19:58:53.088825
│  الحالة: نشط
│  التشفير: ec120589ebb2f4a5...
└─────────────────────────────────────┘
        
[CODE #253] - 2026-08-13 19:58:53
┌─────────────────────────────────────┐
│  كود: KNATRI-ZAOH-87Q0
│  إنشاء: 2026-08-13T19:58:53.088851
│  انتهاء: 2026-08-14T19:58:53.088851
│  الحالة: نشط
│  التشفير: dea38c3c13a7a349...
└─────────────────────────────────────┘
        
[CODE #254] - 2026-08-13 19:58:53
┌─────────────────────────────────────┐
│  كود: KNATRI-P6EI-AKA3
│  إنشاء: 2026-08-13T19:58:53.088878
│  انتهاء: 2026-08-14T19:58:53.088878
│  الحالة: نشط
│  التشفير: 9383daa17dae3c22...
└─────────────────────────────────────┘
        
[CODE #255] - 2026-08-13 19:58:53
┌─────────────────────────────────────┐
│  كود: KNATRI-GL3Z-6FNP
│  إنشاء: 2026-08-13T19:58:53.088910
│  انتهاء: 2026-08-14T19:58:53.088910
│  الحالة: نشط
│  التشفير: 591b6b5e7a13d868...
└─────────────────────────────────────┘
        
[CODE #256] - 2026-08-13 19:58:53
┌─────────────────────────────────────┐
│  كود: KNATRI-QDH2-QVZG
│  إنشاء: 2026-08-13T19:58:53.088947
│  انتهاء: 2026-08-14T19:58:53.088947
│  الحالة: نشط
│  التشفير: 6a7b410746471d5e...
└─────────────────────────────────────┘
        
[CODE #257] - 2026-08-13 19:58:53
┌─────────────────────────────────────┐
│  كود: KNATRI-124E-T7ZD
│  إنشاء: 2026-08-13T19:58:53.088981
│  انتهاء: 2026-08-14T19:58:53.088981
│  الحالة: نشط
│  التشفير: 8ba6d859998b7500...
└─────────────────────────────────────┘
        
[CODE #258] - 2026-08-13 19:58:53
┌─────────────────────────────────────┐
│  كود: KNATRI-NI55-WFI5
│  إنشاء: 2026-08-13T19:58:53.089010
│  انتهاء: 2026-08-14T19:58:53.089010
│  الحالة: نشط
│  التشفير: c5b238246ac7e9ae...
└─────────────────────────────────────┘
        
[CODE #259] - 2026-08-13 19:58:53
┌─────────────────────────────────────┐
│  كود: KNATRI-B5GB-M091
│  إنشاء: 2026-08-13T19:58:53.089036
│  انتهاء: 2026-08-14T19:58:53.089036
│  الحالة: نشط
│  التشفير: 15ef3909e4bf4fbe...
└─────────────────────────────────────┘
        
[CODE #260] - 2026-08-13 19:58:53
┌─────────────────────────────────────┐
│  كود: KNATRI-L8IV-DXC2
│  إنشاء: 2026-08-13T19:58:53.089062
│  انتهاء: 2026-08-14T19:58:53.089062
│  الحالة: نشط
│  التشفير: 4e29dfc083a1e44a...
└─────────────────────────────────────┘
        
[CODE #261] - 2026-08-13 19:58:53
┌─────────────────────────────────────┐
│  كود: KNATRI-OJQM-0LK8
│  إنشاء: 2026-08-13T19:58:53.089086
│  انتهاء: 2026-08-14T19:58:53.089086
│  الحالة: نشط
│  التشفير: f9f2dcd9a35ece19...
└─────────────────────────────────────┘
        
[CODE #262] - 2026-08-13 19:58:53
┌─────────────────────────────────────┐
│  كود: KNATRI-2567-B185
│  إنشاء: 2026-08-13T19:58:53.089115
│  انتهاء: 2026-08-14T19:58:53.089115
│  الحالة: نشط
│  التشفير: 4fa7897c7f8d2540...
└─────────────────────────────────────┘
        
[CODE #263] - 2026-08-13 19:58:53
┌─────────────────────────────────────┐
│  كود: KNATRI-MF9R-0BTZ
│  إنشاء: 2026-08-13T19:58:53.089140
│  انتهاء: 2026-08-14T19:58:53.089140
│  الحالة: نشط
│  التشفير: ca93e84992afe779...
└─────────────────────────────────────┘
        
[CODE #264] - 2026-08-13 19:58:53
┌─────────────────────────────────────┐
│  كود: KNATRI-2H6R-CGN6
│  إنشاء: 2026-08-13T19:58:53.089169
│  انتهاء: 2026-08-14T19:58:53.089169
│  الحالة: نشط
│  التشفير: f9d94dadf7f01005...
└─────────────────────────────────────┘
        
[CODE #265] - 2026-08-13 19:58:53
┌─────────────────────────────────────┐
│  كود: KNATRI-2HK0-KQR1
│  إنشاء: 2026-08-13T19:58:53.089200
│  انتهاء: 2026-08-14T19:58:53.089200
│  الحالة: نشط
│  التشفير: 88306cb0a61d8ed0...
└─────────────────────────────────────┘
        
[CODE #266] - 2026-08-13 19:58:53
┌─────────────────────────────────────┐
│  كود: KNATRI-KCO3-EZSA
│  إنشاء: 2026-08-13T19:58:53.089225
│  انتهاء: 2026-08-14T19:58:53.089225
│  الحالة: نشط
│  التشفير: 95fd8b282ea957ff...
└─────────────────────────────────────┘
        
[CODE #267] - 2026-08-13 19:58:53
┌─────────────────────────────────────┐
│  كود: KNATRI-K0BL-RU4E
│  إنشاء: 2026-08-13T19:58:53.089252
│  انتهاء: 2026-08-14T19:58:53.089252
│  الحالة: نشط
│  التشفير: 8e22a6e18b34de84...
└─────────────────────────────────────┘
        
[CODE #268] - 2026-08-13 19:58:53
┌─────────────────────────────────────┐
│  كود: KNATRI-FBX6-O71A
│  إنشاء: 2026-08-13T19:58:53.089282
│  انتهاء: 2026-08-14T19:58:53.089282
│  الحالة: نشط
│  التشفير: 5f5fc2ff15b8d969...
└─────────────────────────────────────┘
        
[CODE #269] - 2026-08-13 19:58:53
┌─────────────────────────────────────┐
│  كود: KNATRI-QRGJ-HVQN
│  إنشاء: 2026-08-13T19:58:53.089311
│  انتهاء: 2026-08-14T19:58:53.089311
│  الحالة: نشط
│  التشفير: e3f441051f53b20c...
└─────────────────────────────────────┘
        
[CODE #270] - 2026-08-13 19:58:53
┌─────────────────────────────────────┐
│  كود: KNATRI-IDOU-IQJJ
│  إنشاء: 2026-08-13T19:58:53.089336
│  انتهاء: 2026-08-14T19:58:53.089336
│  الحالة: نشط
│  التشفير: 0e63c7eb29872a5a...
└─────────────────────────────────────┘
        
[CODE #271] - 2026-08-13 19:58:53
┌─────────────────────────────────────┐
│  كود: KNATRI-BM6S-B2AH
│  إنشاء: 2026-08-13T19:58:53.089359
│  انتهاء: 2026-08-14T19:58:53.089359
│  الحالة: نشط
│  التشفير: 7ca89813247f78d1...
└─────────────────────────────────────┘
        
[CODE #272] - 2026-08-13 19:58:53
┌─────────────────────────────────────┐
│  كود: KNATRI-BNC6-UK8D
│  إنشاء: 2026-08-13T19:58:53.089384
│  انتهاء: 2026-08-14T19:58:53.089384
│  الحالة: نشط
│  التشفير: 91aa52c9f6e58f3d...
└─────────────────────────────────────┘
        
[CODE #273] - 2026-08-13 19:58:53
┌─────────────────────────────────────┐
│  كود: KNATRI-BDZ3-A1NC
│  إنشاء: 2026-08-13T19:58:53.089426
│  انتهاء: 2026-08-14T19:58:53.089426
│  الحالة: نشط
│  التشفير: 8ac9fa8a76499ee0...
└─────────────────────────────────────┘
        
[CODE #274] - 2026-08-13 19:58:53
┌─────────────────────────────────────┐
│  كود: KNATRI-V4VK-JFCK
│  إنشاء: 2026-08-13T19:58:53.089508
│  انتهاء: 2026-08-14T19:58:53.089508
│  الحالة: نشط
│  التشفير: 3e78c250d5d0bd59...
└─────────────────────────────────────┘
        
[CODE #275] - 2026-08-13 19:58:53
┌─────────────────────────────────────┐
│  كود: KNATRI-JMU6-AI75
│  إنشاء: 2026-08-13T19:58:53.089563
│  انتهاء: 2026-08-14T19:58:53.089563
│  الحالة: نشط
│  التشفير: 80e0902596f05c70...
└─────────────────────────────────────┘
        
[CODE #276] - 2026-08-13 19:58:53
┌─────────────────────────────────────┐
│  كود: KNATRI-F4T2-BDUT
│  إنشاء: 2026-08-13T19:58:53.089595
│  انتهاء: 2026-08-14T19:58:53.089595
│  الحالة: نشط
│  التشفير: 1b96abc0fac1d419...
└─────────────────────────────────────┘
        
[CODE #277] - 2026-08-13 19:58:53
┌─────────────────────────────────────┐
│  كود: KNATRI-HTZ2-AJ1L
│  إنشاء: 2026-08-13T19:58:53.089633
│  انتهاء: 2026-08-14T19:58:53.089633
│  الحالة: نشط
│  التشفير: 73dd3d5e696039c8...
└─────────────────────────────────────┘
        
[CODE #278] - 2026-08-13 19:58:53
┌─────────────────────────────────────┐
│  كود: KNATRI-I2UK-18IR
│  إنشاء: 2026-08-13T19:58:53.089666
│  انتهاء: 2026-08-14T19:58:53.089666
│  الحالة: نشط
│  التشفير: a8ad1183cb5cdf9b...
└─────────────────────────────────────┘
        
[CODE #279] - 2026-08-13 19:58:53
┌─────────────────────────────────────┐
│  كود: KNATRI-BNB4-FTYB
│  إنشاء: 2026-08-13T19:58:53.089689
│  انتهاء: 2026-08-14T19:58:53.089689
│  الحالة: نشط
│  التشفير: cb3dc2b804293113...
└─────────────────────────────────────┘
        
[CODE #280] - 2026-08-13 19:58:53
┌─────────────────────────────────────┐
│  كود: KNATRI-0GXN-NFH9
│  إنشاء: 2026-08-13T19:58:53.089716
│  انتهاء: 2026-08-14T19:58:53.089716
│  الحالة: نشط
│  التشفير: 0528597770fbf8a5...
└─────────────────────────────────────┘
        
[CODE #281] - 2026-08-13 19:58:53
┌─────────────────────────────────────┐
│  كود: KNATRI-B1D2-4LEQ
│  إنشاء: 2026-08-13T19:58:53.089744
│  انتهاء: 2026-08-14T19:58:53.089744
│  الحالة: نشط
│  التشفير: 2aeaf26823b70a7e...
└─────────────────────────────────────┘
        
[CODE #282] - 2026-08-13 19:58:53
┌─────────────────────────────────────┐
│  كود: KNATRI-W9DZ-LARU
│  إنشاء: 2026-08-13T19:58:53.089773
│  انتهاء: 2026-08-14T19:58:53.089773
│  الحالة: نشط
│  التشفير: 70e259ee6bbfdf2f...
└─────────────────────────────────────┘
        
[CODE #283] - 2026-08-13 19:58:53
┌─────────────────────────────────────┐
│  كود: KNATRI-AV45-OZUT
│  إنشاء: 2026-08-13T19:58:53.089804
│  انتهاء: 2026-08-14T19:58:53.089804
│  الحالة: نشط
│  التشفير: d119ed209ff991f8...
└─────────────────────────────────────┘
        
[CODE #284] - 2026-08-13 19:58:53
┌─────────────────────────────────────┐
│  كود: KNATRI-QUM9-D0QB
│  إنشاء: 2026-08-13T19:58:53.089830
│  انتهاء: 2026-08-14T19:58:53.089830
│  الحالة: نشط
│  التشفير: 9efde1d3a345cf10...
└─────────────────────────────────────┘
        
[CODE #285] - 2026-08-13 19:58:53
┌─────────────────────────────────────┐
│  كود: KNATRI-SY7T-WNL5
│  إنشاء: 2026-08-13T19:58:53.089857
│  انتهاء: 2026-08-14T19:58:53.089857
│  الحالة: نشط
│  التشفير: 91878f0e5c6c7805...
└─────────────────────────────────────┘
        
[CODE #286] - 2026-08-13 19:58:53
┌─────────────────────────────────────┐
│  كود: KNATRI-RGMN-D8IL
│  إنشاء: 2026-08-13T19:58:53.089882
│  انتهاء: 2026-08-14T19:58:53.089882
│  الحالة: نشط
│  التشفير: 813d0ca9d4483dc4...
└─────────────────────────────────────┘
        
[CODE #287] - 2026-08-13 19:58:53
┌─────────────────────────────────────┐
│  كود: KNATRI-1LVT-WPJX
│  إنشاء: 2026-08-13T19:58:53.089908
│  انتهاء: 2026-08-14T19:58:53.089908
│  الحالة: نشط
│  التشفير: 88d625a07ed2a03a...
└─────────────────────────────────────┘
        
[CODE #288] - 2026-08-13 19:58:53
┌─────────────────────────────────────┐
│  كود: KNATRI-LELD-3X8Y
│  إنشاء: 2026-08-13T19:58:53.089934
│  انتهاء: 2026-08-14T19:58:53.089934
│  الحالة: نشط
│  التشفير: 38519beb466d272e...
└─────────────────────────────────────┘
        
[CODE #289] - 2026-08-13 19:58:53
┌─────────────────────────────────────┐
│  كود: KNATRI-Q82O-KPPW
│  إنشاء: 2026-08-13T19:58:53.089957
│  انتهاء: 2026-08-14T19:58:53.089957
│  الحالة: نشط
│  التشفير: 1e71807a9e2dfe93...
└─────────────────────────────────────┘
        
[CODE #290] - 2026-08-13 19:58:53
┌─────────────────────────────────────┐
│  كود: KNATRI-H0A7-N21U
│  إنشاء: 2026-08-13T19:58:53.089984
│  انتهاء: 2026-08-14T19:58:53.089984
│  الحالة: نشط
│  التشفير: 36f8b00ab414f1ce...
└─────────────────────────────────────┘
        
[CODE #291] - 2026-08-13 19:58:53
┌─────────────────────────────────────┐
│  كود: KNATRI-ZT1H-V08L
│  إنشاء: 2026-08-13T19:58:53.090008
│  انتهاء: 2026-08-14T19:58:53.090008
│  الحالة: نشط
│  التشفير: 6842ff3db0b6f2f8...
└─────────────────────────────────────┘
        
[CODE #292] - 2026-08-13 19:58:53
┌─────────────────────────────────────┐
│  كود: KNATRI-3T6R-XWW1
│  إنشاء: 2026-08-13T19:58:53.090033
│  انتهاء: 2026-08-14T19:58:53.090033
│  الحالة: نشط
│  التشفير: a0034394b7c3c570...
└─────────────────────────────────────┘
        
[CODE #293] - 2026-08-13 19:58:53
┌─────────────────────────────────────┐
│  كود: KNATRI-NMSQ-F2RK
│  إنشاء: 2026-08-13T19:58:53.090056
│  انتهاء: 2026-08-14T19:58:53.090056
│  الحالة: نشط
│  التشفير: bb513509c1a27ff0...
└─────────────────────────────────────┘
        
[CODE #294] - 2026-08-13 19:58:53
┌─────────────────────────────────────┐
│  كود: KNATRI-U74L-XK8H
│  إنشاء: 2026-08-13T19:58:53.090082
│  انتهاء: 2026-08-14T19:58:53.090082
│  الحالة: نشط
│  التشفير: e961cbb96a569a9f...
└─────────────────────────────────────┘
        
[CODE #295] - 2026-08-13 19:58:53
┌─────────────────────────────────────┐
│  كود: KNATRI-S47O-42GD
│  إنشاء: 2026-08-13T19:58:53.090110
│  انتهاء: 2026-08-14T19:58:53.090110
│  الحالة: نشط
│  التشفير: 502721a4e9487e37...
└─────────────────────────────────────┘
        
[CODE #296] - 2026-08-13 19:58:53
┌─────────────────────────────────────┐
│  كود: KNATRI-XRYG-Q8O6
│  إنشاء: 2026-08-13T19:58:53.090136
│  انتهاء: 2026-08-14T19:58:53.090136
│  الحالة: نشط
│  التشفير: 1478574d8b69d10c...
└─────────────────────────────────────┘
        
[CODE #297] - 2026-08-13 19:58:53
┌─────────────────────────────────────┐
│  كود: KNATRI-VPG0-V9KL
│  إنشاء: 2026-08-13T19:58:53.090161
│  انتهاء: 2026-08-14T19:58:53.090161
│  الحالة: نشط
│  التشفير: a53be88f9066bf3a...
└─────────────────────────────────────┘
        
[CODE #298] - 2026-08-13 19:58:53
┌─────────────────────────────────────┐
│  كود: KNATRI-YDQI-682J
│  إنشاء: 2026-08-13T19:58:53.090186
│  انتهاء: 2026-08-14T19:58:53.090186
│  الحالة: نشط
│  التشفير: 38b9bef530773632...
└─────────────────────────────────────┘
        
[CODE #299] - 2026-08-13 19:58:53
┌─────────────────────────────────────┐
│  كود: KNATRI-1BYV-2WTJ
│  إنشاء: 2026-08-13T19:58:53.090211
│  انتهاء: 2026-08-14T19:58:53.090211
│  الحالة: نشط
│  التشفير: 3caa5c1da081b392...
└─────────────────────────────────────┘
        
[CODE #300] - 2026-08-13 19:58:53
┌─────────────────────────────────────┐
│  كود: KNATRI-5OGP-M5R8
│  إنشاء: 2026-08-13T19:58:53.090235
│  انتهاء: 2026-08-14T19:58:53.090235
│  الحالة: نشط
│  التشفير: be00de80873080bf...
└─────────────────────────────────────┘
        
[CODE #301] - 2026-08-13 19:58:53
┌─────────────────────────────────────┐
│  كود: KNATRI-J98I-7JB3
│  إنشاء: 2026-08-13T19:58:53.090262
│  انتهاء: 2026-08-14T19:58:53.090262
│  الحالة: نشط
│  التشفير: 31e3ff9018a257b1...
└─────────────────────────────────────┘
        
[CODE #302] - 2026-08-13 19:58:53
┌─────────────────────────────────────┐
│  كود: KNATRI-BTQO-HJBH
│  إنشاء: 2026-08-13T19:58:53.090286
│  انتهاء: 2026-08-14T19:58:53.090286
│  الحالة: نشط
│  التشفير: 6b1a010a4085f48b...
└─────────────────────────────────────┘
        
[CODE #303] - 2026-08-13 19:58:53
┌─────────────────────────────────────┐
│  كود: KNATRI-BL2F-T499
│  إنشاء: 2026-08-13T19:58:53.090311
│  انتهاء: 2026-08-14T19:58:53.090311
│  الحالة: نشط
│  التشفير: 71ada2ac43d1f7cf...
└─────────────────────────────────────┘
        
[CODE #304] - 2026-08-13 19:58:53
┌─────────────────────────────────────┐
│  كود: KNATRI-E5MG-DJLP
│  إنشاء: 2026-08-13T19:58:53.090339
│  انتهاء: 2026-08-14T19:58:53.090339
│  الحالة: نشط
│  التشفير: 2b147dec956b51b6...
└─────────────────────────────────────┘
        
[CODE #305] - 2026-08-13 19:58:53
┌─────────────────────────────────────┐
│  كود: KNATRI-YSWB-C6UU
│  إنشاء: 2026-08-13T19:58:53.090368
│  انتهاء: 2026-08-14T19:58:53.090368
│  الحالة: نشط
│  التشفير: 57a4e281c88a2363...
└─────────────────────────────────────┘
        
[CODE #306] - 2026-08-13 19:58:53
┌─────────────────────────────────────┐
│  كود: KNATRI-G3VJ-7J3I
│  إنشاء: 2026-08-13T19:58:53.090391
│  انتهاء: 2026-08-14T19:58:53.090391
│  الحالة: نشط
│  التشفير: f64f58e5f1be8abb...
└─────────────────────────────────────┘
        
[CODE #307] - 2026-08-13 19:58:53
┌─────────────────────────────────────┐
│  كود: KNATRI-M5BB-EPJI
│  إنشاء: 2026-08-13T19:58:53.090417
│  انتهاء: 2026-08-14T19:58:53.090417
│  الحالة: نشط
│  التشفير: c3f4bf04b3a4efdc...
└─────────────────────────────────────┘
        
[CODE #308] - 2026-08-13 19:58:53
┌─────────────────────────────────────┐
│  كود: KNATRI-AWQ6-6WM8
│  إنشاء: 2026-08-13T19:58:53.090441
│  انتهاء: 2026-08-14T19:58:53.090441
│  الحالة: نشط
│  التشفير: c7376bc1c3f405e3...
└─────────────────────────────────────┘
        
[CODE #309] - 2026-08-13 19:58:53
┌─────────────────────────────────────┐
│  كود: KNATRI-7RAA-8USI
│  إنشاء: 2026-08-13T19:58:53.090468
│  انتهاء: 2026-08-14T19:58:53.090468
│  الحالة: نشط
│  التشفير: 70f9951945e1fa3c...
└─────────────────────────────────────┘
        
[CODE #310] - 2026-08-13 19:58:53
┌─────────────────────────────────────┐
│  كود: KNATRI-ADBX-VNS6
│  إنشاء: 2026-08-13T19:58:53.090494
│  انتهاء: 2026-08-14T19:58:53.090494
│  الحالة: نشط
│  التشفير: 9ba022636ec4439d...
└─────────────────────────────────────┘
        
[CODE #311] - 2026-08-13 19:58:53
┌─────────────────────────────────────┐
│  كود: KNATRI-M5IE-RSVP
│  إنشاء: 2026-08-13T19:58:53.090520
│  انتهاء: 2026-08-14T19:58:53.090520
│  الحالة: نشط
│  التشفير: 7eb1e7fcfd888af6...
└─────────────────────────────────────┘
        
[CODE #312] - 2026-08-13 19:58:53
┌─────────────────────────────────────┐
│  كود: KNATRI-94IC-9NAW
│  إنشاء: 2026-08-13T19:58:53.090552
│  انتهاء: 2026-08-14T19:58:53.090552
│  الحالة: نشط
│  التشفير: 9729228df29bda4d...
└─────────────────────────────────────┘
        
[CODE #313] - 2026-08-13 19:58:53
┌─────────────────────────────────────┐
│  كود: KNATRI-C09N-V3E6
│  إنشاء: 2026-08-13T19:58:53.090580
│  انتهاء: 2026-08-14T19:58:53.090580
│  الحالة: نشط
│  التشفير: 00f5f4704c5620b5...
└─────────────────────────────────────┘
        
[CODE #314] - 2026-08-13 19:58:53
┌─────────────────────────────────────┐
│  كود: KNATRI-4O5O-TGED
│  إنشاء: 2026-08-13T19:58:53.090605
│  انتهاء: 2026-08-14T19:58:53.090605
│  الحالة: نشط
│  التشفير: adc3a5d8cffa6e59...
└─────────────────────────────────────┘
        
[CODE #315] - 2026-08-13 19:58:53
┌─────────────────────────────────────┐
│  كود: KNATRI-9AOH-UNSN
│  إنشاء: 2026-08-13T19:58:53.090630
│  انتهاء: 2026-08-14T19:58:53.090630
│  الحالة: نشط
│  التشفير: bf6771982afbc6b0...
└─────────────────────────────────────┘
        
[CODE #316] - 2026-08-13 19:58:53
┌─────────────────────────────────────┐
│  كود: KNATRI-HZV8-PTV5
│  إنشاء: 2026-08-13T19:58:53.090655
│  انتهاء: 2026-08-14T19:58:53.090655
│  الحالة: نشط
│  التشفير: a40fe61b3761343a...
└─────────────────────────────────────┘
        
[CODE #317] - 2026-08-13 19:58:53
┌─────────────────────────────────────┐
│  كود: KNATRI-MVEG-TAL6
│  إنشاء: 2026-08-13T19:58:53.090684
│  انتهاء: 2026-08-14T19:58:53.090684
│  الحالة: نشط
│  التشفير: c57467656fcf31e9...
└─────────────────────────────────────┘
        
[CODE #318] - 2026-08-13 19:58:53
┌─────────────────────────────────────┐
│  كود: KNATRI-7TTD-5TUP
│  إنشاء: 2026-08-13T19:58:53.090716
│  انتهاء: 2026-08-14T19:58:53.090716
│  الحالة: نشط
│  التشفير: 56e94204d84f5d2c...
└─────────────────────────────────────┘
        
[CODE #319] - 2026-08-13 19:58:53
┌─────────────────────────────────────┐
│  كود: KNATRI-4GEW-JCD7
│  إنشاء: 2026-08-13T19:58:53.090744
│  انتهاء: 2026-08-14T19:58:53.090744
│  الحالة: نشط
│  التشفير: c3997870a5afaffd...
└─────────────────────────────────────┘
        
[CODE #320] - 2026-08-13 19:58:53
┌─────────────────────────────────────┐
│  كود: KNATRI-NHJF-U6PI
│  إنشاء: 2026-08-13T19:58:53.090770
│  انتهاء: 2026-08-14T19:58:53.090770
│  الحالة: نشط
│  التشفير: 39c1440b4a8f07c7...
└─────────────────────────────────────┘
        
[CODE #321] - 2026-08-13 19:58:53
┌─────────────────────────────────────┐
│  كود: KNATRI-IHBB-N7B7
│  إنشاء: 2026-08-13T19:58:53.090797
│  انتهاء: 2026-08-14T19:58:53.090797
│  الحالة: نشط
│  التشفير: f665e31662dd1806...
└─────────────────────────────────────┘
        
[CODE #322] - 2026-08-13 19:58:53
┌─────────────────────────────────────┐
│  كود: KNATRI-HPJV-OOK3
│  إنشاء: 2026-08-13T19:58:53.090822
│  انتهاء: 2026-08-14T19:58:53.090822
│  الحالة: نشط
│  التشفير: 0530a554efb261e8...
└─────────────────────────────────────┘
        
[CODE #323] - 2026-08-13 19:58:53
┌─────────────────────────────────────┐
│  كود: KNATRI-MWRC-4R4C
│  إنشاء: 2026-08-13T19:58:53.090847
│  انتهاء: 2026-08-14T19:58:53.090847
│  الحالة: نشط
│  التشفير: bac7acab91925ea4...
└─────────────────────────────────────┘
        
[CODE #324] - 2026-08-13 19:58:53
┌─────────────────────────────────────┐
│  كود: KNATRI-Z7IF-1F3O
│  إنشاء: 2026-08-13T19:58:53.090874
│  انتهاء: 2026-08-14T19:58:53.090874
│  الحالة: نشط
│  التشفير: 13b3e33a30023196...
└─────────────────────────────────────┘
        
[CODE #325] - 2026-08-13 19:58:53
┌─────────────────────────────────────┐
│  كود: KNATRI-7S6F-K7Y8
│  إنشاء: 2026-08-13T19:58:53.090897
│  انتهاء: 2026-08-14T19:58:53.090897
│  الحالة: نشط
│  التشفير: 28bb5f945fd4fed2...
└─────────────────────────────────────┘
        
[CODE #326] - 2026-08-13 19:58:53
┌─────────────────────────────────────┐
│  كود: KNATRI-GVQA-5RTW
│  إنشاء: 2026-08-13T19:58:53.090921
│  انتهاء: 2026-08-14T19:58:53.090921
│  الحالة: نشط
│  التشفير: 14f99d8d13161a3c...
└─────────────────────────────────────┘
        
[CODE #327] - 2026-08-13 19:58:53
┌─────────────────────────────────────┐
│  كود: KNATRI-JEBM-MYDA
│  إنشاء: 2026-08-13T19:58:53.090948
│  انتهاء: 2026-08-14T19:58:53.090948
│  الحالة: نشط
│  التشفير: f5dd1657f17f2aa1...
└─────────────────────────────────────┘
        
[CODE #328] - 2026-08-13 19:58:53
┌─────────────────────────────────────┐
│  كود: KNATRI-Z7AL-481J
│  إنشاء: 2026-08-13T19:58:53.090979
│  انتهاء: 2026-08-14T19:58:53.090979
│  الحالة: نشط
│  التشفير: 30f74c534be4ae69...
└─────────────────────────────────────┘
        
[CODE #329] - 2026-08-13 19:58:53
┌─────────────────────────────────────┐
│  كود: KNATRI-NZZI-M0SW
│  إنشاء: 2026-08-13T19:58:53.091004
│  انتهاء: 2026-08-14T19:58:53.091004
│  الحالة: نشط
│  التشفير: 94d059f8f9c959b7...
└─────────────────────────────────────┘
        
[CODE #330] - 2026-08-13 19:58:53
┌─────────────────────────────────────┐
│  كود: KNATRI-UG4R-KQJX
│  إنشاء: 2026-08-13T19:58:53.091030
│  انتهاء: 2026-08-14T19:58:53.091030
│  الحالة: نشط
│  التشفير: 42e60d84f47aa6ea...
└─────────────────────────────────────┘
        
[CODE #331] - 2026-08-13 19:58:53
┌─────────────────────────────────────┐
│  كود: KNATRI-GG4W-YHIB
│  إنشاء: 2026-08-13T19:58:53.091056
│  انتهاء: 2026-08-14T19:58:53.091056
│  الحالة: نشط
│  التشفير: c549a180fbb30454...
└─────────────────────────────────────┘
        
[CODE #332] - 2026-08-13 19:58:53
┌─────────────────────────────────────┐
│  كود: KNATRI-KXXH-8IO6
│  إنشاء: 2026-08-13T19:58:53.091080
│  انتهاء: 2026-08-14T19:58:53.091080
│  الحالة: نشط
│  التشفير: 03bbc58081f0328a...
└─────────────────────────────────────┘
        
[CODE #333] - 2026-08-13 19:58:53
┌─────────────────────────────────────┐
│  كود: KNATRI-Y03R-LAJQ
│  إنشاء: 2026-08-13T19:58:53.091106
│  انتهاء: 2026-08-14T19:58:53.091106
│  الحالة: نشط
│  التشفير: 79497ce2e782c8b0...
└─────────────────────────────────────┘
        
[CODE #334] - 2026-08-13 19:58:53
┌─────────────────────────────────────┐
│  كود: KNATRI-3Q5R-KXC9
│  إنشاء: 2026-08-13T19:58:53.091134
│  انتهاء: 2026-08-14T19:58:53.091134
│  الحالة: نشط
│  التشفير: 60b7b569ae25e8f8...
└─────────────────────────────────────┘
        
[CODE #335] - 2026-08-13 19:58:53
┌─────────────────────────────────────┐
│  كود: KNATRI-5ZN0-MWJT
│  إنشاء: 2026-08-13T19:58:53.091160
│  انتهاء: 2026-08-14T19:58:53.091160
│  الحالة: نشط
│  التشفير: 4670451794310bfa...
└─────────────────────────────────────┘
        
[CODE #336] - 2026-08-13 19:58:53
┌─────────────────────────────────────┐
│  كود: KNATRI-CB32-FJC8
│  إنشاء: 2026-08-13T19:58:53.091189
│  انتهاء: 2026-08-14T19:58:53.091189
│  الحالة: نشط
│  التشفير: 0b5a18ce058949e0...
└─────────────────────────────────────┘
        
[CODE #337] - 2026-08-13 19:58:53
┌─────────────────────────────────────┐
│  كود: KNATRI-DZ6L-0RN8
│  إنشاء: 2026-08-13T19:58:53.091217
│  انتهاء: 2026-08-14T19:58:53.091217
│  الحالة: نشط
│  التشفير: aeafcc3d986b5ca7...
└─────────────────────────────────────┘
        
[CODE #338] - 2026-08-13 19:58:53
┌─────────────────────────────────────┐
│  كود: KNATRI-Z8RK-9BNI
│  إنشاء: 2026-08-13T19:58:53.091245
│  انتهاء: 2026-08-14T19:58:53.091245
│  الحالة: نشط
│  التشفير: 3aadb28a390ab777...
└─────────────────────────────────────┘
        
[CODE #339] - 2026-08-13 19:58:53
┌─────────────────────────────────────┐
│  كود: KNATRI-JM0I-SDWS
│  إنشاء: 2026-08-13T19:58:53.091270
│  انتهاء: 2026-08-14T19:58:53.091270
│  الحالة: نشط
│  التشفير: de29949f7c89bccf...
└─────────────────────────────────────┘
        
[CODE #340] - 2026-08-13 19:58:53
┌─────────────────────────────────────┐
│  كود: KNATRI-QN4X-P86V
│  إنشاء: 2026-08-13T19:58:53.091295
│  انتهاء: 2026-08-14T19:58:53.091295
│  الحالة: نشط
│  التشفير: e7e08e927b0f89aa...
└─────────────────────────────────────┘
        
[CODE #341] - 2026-08-13 19:58:53
┌─────────────────────────────────────┐
│  كود: KNATRI-ZJZT-LKJ5
│  إنشاء: 2026-08-13T19:58:53.091320
│  انتهاء: 2026-08-14T19:58:53.091320
│  الحالة: نشط
│  التشفير: f0c635099426f360...
└─────────────────────────────────────┘
        
[CODE #342] - 2026-08-13 19:58:53
┌─────────────────────────────────────┐
│  كود: KNATRI-OZK2-HM7Q
│  إنشاء: 2026-08-13T19:58:53.091346
│  انتهاء: 2026-08-14T19:58:53.091346
│  الحالة: نشط
│  التشفير: b5ca51f94c187a40...
└─────────────────────────────────────┘
        
[CODE #343] - 2026-08-13 19:58:53
┌─────────────────────────────────────┐
│  كود: KNATRI-0WIF-UCMD
│  إنشاء: 2026-08-13T19:58:53.091377
│  انتهاء: 2026-08-14T19:58:53.091377
│  الحالة: نشط
│  التشفير: 6e73ae92f56685f3...
└─────────────────────────────────────┘
        
[CODE #344] - 2026-08-13 19:58:53
┌─────────────────────────────────────┐
│  كود: KNATRI-2N30-35SS
│  إنشاء: 2026-08-13T19:58:53.091404
│  انتهاء: 2026-08-14T19:58:53.091404
│  الحالة: نشط
│  التشفير: df140a26cd521eba...
└─────────────────────────────────────┘
        
[CODE #345] - 2026-08-13 19:58:53
┌─────────────────────────────────────┐
│  كود: KNATRI-3A6O-X2A7
│  إنشاء: 2026-08-13T19:58:53.091432
│  انتهاء: 2026-08-14T19:58:53.091432
│  الحالة: نشط
│  التشفير: b3bd6a172c6f4f0c...
└─────────────────────────────────────┘
        
[CODE #346] - 2026-08-13 19:58:53
┌─────────────────────────────────────┐
│  كود: KNATRI-8D8G-K8I9
│  إنشاء: 2026-08-13T19:58:53.091458
│  انتهاء: 2026-08-14T19:58:53.091458
│  الحالة: نشط
│  التشفير: 0845c8860f5bc83b...
└─────────────────────────────────────┘
        
[CODE #347] - 2026-08-13 19:58:53
┌─────────────────────────────────────┐
│  كود: KNATRI-DLXC-3ZHK
│  إنشاء: 2026-08-13T19:58:53.091481
│  انتهاء: 2026-08-14T19:58:53.091481
│  الحالة: نشط
│  التشفير: 7ba43ca150e1f053...
└─────────────────────────────────────┘
        
[CODE #348] - 2026-08-13 19:58:53
┌─────────────────────────────────────┐
│  كود: KNATRI-FQ5I-IAV1
│  إنشاء: 2026-08-13T19:58:53.091511
│  انتهاء: 2026-08-14T19:58:53.091511
│  الحالة: نشط
│  التشفير: 51d98d3975264e3f...
└─────────────────────────────────────┘
        
[CODE #349] - 2026-08-13 19:58:53
┌─────────────────────────────────────┐
│  كود: KNATRI-HXO3-7R9N
│  إنشاء: 2026-08-13T19:58:53.091544
│  انتهاء: 2026-08-14T19:58:53.091544
│  الحالة: نشط
│  التشفير: c3c1c32919bdf229...
└─────────────────────────────────────┘
        
[CODE #350] - 2026-08-13 19:58:53
┌─────────────────────────────────────┐
│  كود: KNATRI-IDOK-I2UH
│  إنشاء: 2026-08-13T19:58:53.091573
│  انتهاء: 2026-08-14T19:58:53.091573
│  الحالة: نشط
│  التشفير: 690d46f9ffdee0ee...
└─────────────────────────────────────┘
        
[CODE #351] - 2026-08-13 19:58:53
┌─────────────────────────────────────┐
│  كود: KNATRI-PJ2S-M4FG
│  إنشاء: 2026-08-13T19:58:53.091599
│  انتهاء: 2026-08-14T19:58:53.091599
│  الحالة: نشط
│  التشفير: 60e41a1c864060cb...
└─────────────────────────────────────┘
        
[CODE #352] - 2026-08-13 19:58:53
┌─────────────────────────────────────┐
│  كود: KNATRI-OVU6-JV9R
│  إنشاء: 2026-08-13T19:58:53.091625
│  انتهاء: 2026-08-14T19:58:53.091625
│  الحالة: نشط
│  التشفير: 1baad1f42f26fba7...
└─────────────────────────────────────┘
        
[CODE #353] - 2026-08-13 19:58:53
┌─────────────────────────────────────┐
│  كود: KNATRI-C4N9-0AS5
│  إنشاء: 2026-08-13T19:58:53.091658
│  انتهاء: 2026-08-14T19:58:53.091658
│  الحالة: نشط
│  التشفير: 41523fc483e411f0...
└─────────────────────────────────────┘
        
[CODE #354] - 2026-08-13 19:58:53
┌─────────────────────────────────────┐
│  كود: KNATRI-53V4-ATNS
│  إنشاء: 2026-08-13T19:58:53.091682
│  انتهاء: 2026-08-14T19:58:53.091682
│  الحالة: نشط
│  التشفير: 9ca3664e251b8e77...
└─────────────────────────────────────┘
        
[CODE #355] - 2026-08-13 19:58:53
┌─────────────────────────────────────┐
│  كود: KNATRI-SUKV-XZLS
│  إنشاء: 2026-08-13T19:58:53.091706
│  انتهاء: 2026-08-14T19:58:53.091706
│  الحالة: نشط
│  التشفير: bbda201fc4d50fd4...
└─────────────────────────────────────┘
        
[CODE #356] - 2026-08-13 19:58:53
┌─────────────────────────────────────┐
│  كود: KNATRI-XUQS-U4DA
│  إنشاء: 2026-08-13T19:58:53.091731
│  انتهاء: 2026-08-14T19:58:53.091731
│  الحالة: نشط
│  التشفير: e6fdb6c43d28b650...
└─────────────────────────────────────┘
        
[CODE #357] - 2026-08-13 19:58:53
┌─────────────────────────────────────┐
│  كود: KNATRI-WUBA-TZPO
│  إنشاء: 2026-08-13T19:58:53.091757
│  انتهاء: 2026-08-14T19:58:53.091757
│  الحالة: نشط
│  التشفير: 03c15cf8882a1803...
└─────────────────────────────────────┘
        
[CODE #358] - 2026-08-13 19:58:53
┌─────────────────────────────────────┐
│  كود: KNATRI-OT7L-M7X6
│  إنشاء: 2026-08-13T19:58:53.091786
│  انتهاء: 2026-08-14T19:58:53.091786
│  الحالة: نشط
│  التشفير: 4c98bf2e84b257d8...
└─────────────────────────────────────┘
        
[CODE #359] - 2026-08-13 19:58:53
┌─────────────────────────────────────┐
│  كود: KNATRI-4VP0-IK4O
│  إنشاء: 2026-08-13T19:58:53.091813
│  انتهاء: 2026-08-14T19:58:53.091813
│  الحالة: نشط
│  التشفير: 0000ea31a33176ac...
└─────────────────────────────────────┘
        
[CODE #360] - 2026-08-13 19:58:53
┌─────────────────────────────────────┐
│  كود: KNATRI-UE5R-DLO9
│  إنشاء: 2026-08-13T19:58:53.091837
│  انتهاء: 2026-08-14T19:58:53.091837
│  الحالة: نشط
│  التشفير: e616003ee228465a...
└─────────────────────────────────────┘
        
[CODE #361] - 2026-08-13 19:58:53
┌─────────────────────────────────────┐
│  كود: KNATRI-TH93-PESY
│  إنشاء: 2026-08-13T19:58:53.091863
│  انتهاء: 2026-08-14T19:58:53.091863
│  الحالة: نشط
│  التشفير: 66e675e37ee14e86...
└─────────────────────────────────────┘
        
[CODE #362] - 2026-08-13 19:58:53
┌─────────────────────────────────────┐
│  كود: KNATRI-QZOI-YD0U
│  إنشاء: 2026-08-13T19:58:53.091891
│  انتهاء: 2026-08-14T19:58:53.091891
│  الحالة: نشط
│  التشفير: 57f04fcdac671734...
└─────────────────────────────────────┘
        
[CODE #363] - 2026-08-13 19:58:53
┌─────────────────────────────────────┐
│  كود: KNATRI-X7GT-AFN9
│  إنشاء: 2026-08-13T19:58:53.091921
│  انتهاء: 2026-08-14T19:58:53.091921
│  الحالة: نشط
│  التشفير: d2f866412519295c...
└─────────────────────────────────────┘
        
[CODE #364] - 2026-08-13 19:58:53
┌─────────────────────────────────────┐
│  كود: KNATRI-HVK3-JXUP
│  إنشاء: 2026-08-13T19:58:53.091947
│  انتهاء: 2026-08-14T19:58:53.091947
│  الحالة: نشط
│  التشفير: 7d0415534b0e7d6e...
└─────────────────────────────────────┘
        
[CODE #365] - 2026-08-13 19:58:53
┌─────────────────────────────────────┐
│  كود: KNATRI-MK1P-ZCT3
│  إنشاء: 2026-08-13T19:58:53.091970
│  انتهاء: 2026-08-14T19:58:53.091970
│  الحالة: نشط
│  التشفير: 6b79573e355aab71...
└─────────────────────────────────────┘
        
[CODE #366] - 2026-08-13 19:58:53
┌─────────────────────────────────────┐
│  كود: KNATRI-U6J4-IUHE
│  إنشاء: 2026-08-13T19:58:53.091997
│  انتهاء: 2026-08-14T19:58:53.091997
│  الحالة: نشط
│  التشفير: 7ca1ea8bf8a2f52b...
└─────────────────────────────────────┘
        
[CODE #367] - 2026-08-13 19:58:53
┌─────────────────────────────────────┐
│  كود: KNATRI-3ZMQ-JUZB
│  إنشاء: 2026-08-13T19:58:53.092028
│  انتهاء: 2026-08-14T19:58:53.092028
│  الحالة: نشط
│  التشفير: 818c3271022330a0...
└─────────────────────────────────────┘
        
[CODE #368] - 2026-08-13 19:58:53
┌─────────────────────────────────────┐
│  كود: KNATRI-BJTH-WLER
│  إنشاء: 2026-08-13T19:58:53.092051
│  انتهاء: 2026-08-14T19:58:53.092051
│  الحالة: نشط
│  التشفير: 42e5176c124fe532...
└─────────────────────────────────────┘
        
[CODE #369] - 2026-08-13 19:58:53
┌─────────────────────────────────────┐
│  كود: KNATRI-ABNN-0MIQ
│  إنشاء: 2026-08-13T19:58:53.092078
│  انتهاء: 2026-08-14T19:58:53.092078
│  الحالة: نشط
│  التشفير: 1b1a030b07b3ece7...
└─────────────────────────────────────┘
        
[CODE #370] - 2026-08-13 19:58:53
┌─────────────────────────────────────┐
│  كود: KNATRI-AHS2-DGNE
│  إنشاء: 2026-08-13T19:58:53.092105
│  انتهاء: 2026-08-14T19:58:53.092105
│  الحالة: نشط
│  التشفير: ef36f8ce8ab8684f...
└─────────────────────────────────────┘
        
[CODE #371] - 2026-08-13 19:58:53
┌─────────────────────────────────────┐
│  كود: KNATRI-8534-I3HB
│  إنشاء: 2026-08-13T19:58:53.092136
│  انتهاء: 2026-08-14T19:58:53.092136
│  الحالة: نشط
│  التشفير: 1d847c77631145cb...
└─────────────────────────────────────┘
        
[CODE #372] - 2026-08-13 19:58:53
┌─────────────────────────────────────┐
│  كود: KNATRI-9CXU-4ZCJ
│  إنشاء: 2026-08-13T19:58:53.092165
│  انتهاء: 2026-08-14T19:58:53.092165
│  الحالة: نشط
│  التشفير: 76276f9aaef06b23...
└─────────────────────────────────────┘
        
[CODE #373] - 2026-08-13 19:58:53
┌─────────────────────────────────────┐
│  كود: KNATRI-JLRK-F3RV
│  إنشاء: 2026-08-13T19:58:53.092191
│  انتهاء: 2026-08-14T19:58:53.092191
│  الحالة: نشط
│  التشفير: d2cc0bb604fbe95b...
└─────────────────────────────────────┘
        
[CODE #374] - 2026-08-13 19:58:53
┌─────────────────────────────────────┐
│  كود: KNATRI-XQOC-UBR1
│  إنشاء: 2026-08-13T19:58:53.092220
│  انتهاء: 2026-08-14T19:58:53.092220
│  الحالة: نشط
│  التشفير: 24dfd8bd40cc047b...
└─────────────────────────────────────┘
        
[CODE #375] - 2026-08-13 19:58:53
┌─────────────────────────────────────┐
│  كود: KNATRI-HPXH-KPNS
│  إنشاء: 2026-08-13T19:58:53.092245
│  انتهاء: 2026-08-14T19:58:53.092245
│  الحالة: نشط
│  التشفير: 2e8379ca17d11fb9...
└─────────────────────────────────────┘
        
[CODE #376] - 2026-08-13 19:58:53
┌─────────────────────────────────────┐
│  كود: KNATRI-JCHR-7Z2N
│  إنشاء: 2026-08-13T19:58:53.092274
│  انتهاء: 2026-08-14T19:58:53.092274
│  الحالة: نشط
│  التشفير: 122acc580a744c60...
└─────────────────────────────────────┘
        
[CODE #377] - 2026-08-13 19:58:53
┌─────────────────────────────────────┐
│  كود: KNATRI-LIAE-QOA2
│  إنشاء: 2026-08-13T19:58:53.092300
│  انتهاء: 2026-08-14T19:58:53.092300
│  الحالة: نشط
│  التشفير: 11bd9808a05b3f21...
└─────────────────────────────────────┘
        
[CODE #378] - 2026-08-13 19:58:53
┌─────────────────────────────────────┐
│  كود: KNATRI-J8BV-E0NR
│  إنشاء: 2026-08-13T19:58:53.092328
│  انتهاء: 2026-08-14T19:58:53.092328
│  الحالة: نشط
│  التشفير: a9656bf6f56eb6b4...
└─────────────────────────────────────┘
        
[CODE #379] - 2026-08-13 19:58:53
┌─────────────────────────────────────┐
│  كود: KNATRI-DHQW-B3V5
│  إنشاء: 2026-08-13T19:58:53.092352
│  انتهاء: 2026-08-14T19:58:53.092352
│  الحالة: نشط
│  التشفير: 2204755e95cbf29d...
└─────────────────────────────────────┘
        
[CODE #380] - 2026-08-13 19:58:53
┌─────────────────────────────────────┐
│  كود: KNATRI-C0TC-DBKU
│  إنشاء: 2026-08-13T19:58:53.092378
│  انتهاء: 2026-08-14T19:58:53.092378
│  الحالة: نشط
│  التشفير: 896107c4f377eca5...
└─────────────────────────────────────┘
        
[CODE #381] - 2026-08-13 19:58:53
┌─────────────────────────────────────┐
│  كود: KNATRI-2LCQ-Q6VT
│  إنشاء: 2026-08-13T19:58:53.092402
│  انتهاء: 2026-08-14T19:58:53.092402
│  الحالة: نشط
│  التشفير: 782c1f02796f8748...
└─────────────────────────────────────┘
        
[CODE #382] - 2026-08-13 19:58:53
┌─────────────────────────────────────┐
│  كود: KNATRI-LQ65-NPW3
│  إنشاء: 2026-08-13T19:58:53.092431
│  انتهاء: 2026-08-14T19:58:53.092431
│  الحالة: نشط
│  التشفير: e3810dd278811408...
└─────────────────────────────────────┘
        
[CODE #383] - 2026-08-13 19:58:53
┌─────────────────────────────────────┐
│  كود: KNATRI-N8KK-TO2B
│  إنشاء: 2026-08-13T19:58:53.092459
│  انتهاء: 2026-08-14T19:58:53.092459
│  الحالة: نشط
│  التشفير: 5397ba7041e8d26c...
└─────────────────────────────────────┘
        
[CODE #384] - 2026-08-13 19:58:53
┌─────────────────────────────────────┐
│  كود: KNATRI-75ZL-OIJ5
│  إنشاء: 2026-08-13T19:58:53.092485
│  انتهاء: 2026-08-14T19:58:53.092485
│  الحالة: نشط
│  التشفير: 2681252e49ec3fd6...
└─────────────────────────────────────┘
        
[CODE #385] - 2026-08-13 19:58:53
┌─────────────────────────────────────┐
│  كود: KNATRI-UOXG-NSQN
│  إنشاء: 2026-08-13T19:58:53.092510
│  انتهاء: 2026-08-14T19:58:53.092510
│  الحالة: نشط
│  التشفير: bd2bc254c012ede8...
└─────────────────────────────────────┘
        
[CODE #386] - 2026-08-13 19:58:53
┌─────────────────────────────────────┐
│  كود: KNATRI-VG51-RGQT
│  إنشاء: 2026-08-13T19:58:53.092541
│  انتهاء: 2026-08-14T19:58:53.092541
│  الحالة: نشط
│  التشفير: cf3adcbfe98d5fc2...
└─────────────────────────────────────┘
        
[CODE #387] - 2026-08-13 19:58:53
┌─────────────────────────────────────┐
│  كود: KNATRI-B1FZ-WH6Q
│  إنشاء: 2026-08-13T19:58:53.092569
│  انتهاء: 2026-08-14T19:58:53.092569
│  الحالة: نشط
│  التشفير: 918ea801da5f9bff...
└─────────────────────────────────────┘
        
[CODE #388] - 2026-08-13 19:58:53
┌─────────────────────────────────────┐
│  كود: KNATRI-V6EY-HEZG
│  إنشاء: 2026-08-13T19:58:53.092601
│  انتهاء: 2026-08-14T19:58:53.092601
│  الحالة: نشط
│  التشفير: 1a3b9e50d508ef93...
└─────────────────────────────────────┘
        
[CODE #389] - 2026-08-13 19:58:53
┌─────────────────────────────────────┐
│  كود: KNATRI-VP0G-IFCX
│  إنشاء: 2026-08-13T19:58:53.092625
│  انتهاء: 2026-08-14T19:58:53.092625
│  الحالة: نشط
│  التشفير: 4bd86279d2cfa875...
└─────────────────────────────────────┘
        
[CODE #390] - 2026-08-13 19:58:53
┌─────────────────────────────────────┐
│  كود: KNATRI-SFT4-JYXT
│  إنشاء: 2026-08-13T19:58:53.092649
│  انتهاء: 2026-08-14T19:58:53.092649
│  الحالة: نشط
│  التشفير: 63f99eb86672b749...
└─────────────────────────────────────┘
        
[CODE #391] - 2026-08-13 19:58:53
┌─────────────────────────────────────┐
│  كود: KNATRI-EJZE-LJA9
│  إنشاء: 2026-08-13T19:58:53.092674
│  انتهاء: 2026-08-14T19:58:53.092674
│  الحالة: نشط
│  التشفير: eeb41fc69bb43d11...
└─────────────────────────────────────┘
        
[CODE #392] - 2026-08-13 19:58:53
┌─────────────────────────────────────┐
│  كود: KNATRI-ZR8Z-INT5
│  إنشاء: 2026-08-13T19:58:53.092699
│  انتهاء: 2026-08-14T19:58:53.092699
│  الحالة: نشط
│  التشفير: 001f4b0bb1268a1b...
└─────────────────────────────────────┘
        
[CODE #393] - 2026-08-13 19:58:53
┌─────────────────────────────────────┐
│  كود: KNATRI-2BIX-C9YM
│  إنشاء: 2026-08-13T19:58:53.092723
│  انتهاء: 2026-08-14T19:58:53.092723
│  الحالة: نشط
│  التشفير: 431ca044b04293a6...
└─────────────────────────────────────┘
        
[CODE #394] - 2026-08-13 19:58:53
┌─────────────────────────────────────┐
│  كود: KNATRI-ETBC-EHYX
│  إنشاء: 2026-08-13T19:58:53.092749
│  انتهاء: 2026-08-14T19:58:53.092749
│  الحالة: نشط
│  التشفير: a16b5393fee3f91d...
└─────────────────────────────────────┘
        
[CODE #395] - 2026-08-13 19:58:53
┌─────────────────────────────────────┐
│  كود: KNATRI-ZBRQ-ACHY
│  إنشاء: 2026-08-13T19:58:53.092776
│  انتهاء: 2026-08-14T19:58:53.092776
│  الحالة: نشط
│  التشفير: 8c7d3b515b61cb4a...
└─────────────────────────────────────┘
        
[CODE #396] - 2026-08-13 19:58:53
┌─────────────────────────────────────┐
│  كود: KNATRI-15E0-HDYH
│  إنشاء: 2026-08-13T19:58:53.092804
│  انتهاء: 2026-08-14T19:58:53.092804
│  الحالة: نشط
│  التشفير: b315b4796c957b17...
└─────────────────────────────────────┘
        
[CODE #397] - 2026-08-13 19:58:53
┌─────────────────────────────────────┐
│  كود: KNATRI-20QI-KRQ1
│  إنشاء: 2026-08-13T19:58:53.092831
│  انتهاء: 2026-08-14T19:58:53.092831
│  الحالة: نشط
│  التشفير: 504f8d8cec7d193b...
└─────────────────────────────────────┘
        
[CODE #398] - 2026-08-13 19:58:53
┌─────────────────────────────────────┐
│  كود: KNATRI-QKD0-0DXB
│  إنشاء: 2026-08-13T19:58:53.092856
│  انتهاء: 2026-08-14T19:58:53.092856
│  الحالة: نشط
│  التشفير: a3bd9b6bd14d6cfd...
└─────────────────────────────────────┘
        
[CODE #399] - 2026-08-13 19:58:53
┌─────────────────────────────────────┐
│  كود: KNATRI-8B9R-516Z
│  إنشاء: 2026-08-13T19:58:53.092879
│  انتهاء: 2026-08-14T19:58:53.092879
│  الحالة: نشط
│  التشفير: d76c54133b903c6a...
└─────────────────────────────────────┘
        
[CODE #400] - 2026-08-13 19:58:53
┌─────────────────────────────────────┐
│  كود: KNATRI-TSQX-VRDE
│  إنشاء: 2026-08-13T19:58:53.092905
│  انتهاء: 2026-08-14T19:58:53.092905
│  الحالة: نشط
│  التشفير: 16617be863387d39...
└─────────────────────────────────────┘
        
[CODE #401] - 2026-08-13 19:58:53
┌─────────────────────────────────────┐
│  كود: KNATRI-YA6I-F8D7
│  إنشاء: 2026-08-13T19:58:53.092931
│  انتهاء: 2026-08-14T19:58:53.092931
│  الحالة: نشط
│  التشفير: 3af88aabc4df84f5...
└─────────────────────────────────────┘
        
[CODE #402] - 2026-08-13 19:58:53
┌─────────────────────────────────────┐
│  كود: KNATRI-8498-G0SA
│  إنشاء: 2026-08-13T19:58:53.093017
│  انتهاء: 2026-08-14T19:58:53.093017
│  الحالة: نشط
│  التشفير: baccb6ef5b3bb9a8...
└─────────────────────────────────────┘
        
[CODE #403] - 2026-08-13 19:58:53
┌─────────────────────────────────────┐
│  كود: KNATRI-AU74-GX8P
│  إنشاء: 2026-08-13T19:58:53.093047
│  انتهاء: 2026-08-14T19:58:53.093047
│  الحالة: نشط
│  التشفير: 5f003cd9f9f6c3a3...
└─────────────────────────────────────┘
        
[CODE #404] - 2026-08-13 19:58:53
┌─────────────────────────────────────┐
│  كود: KNATRI-0CVV-SUWJ
│  إنشاء: 2026-08-13T19:58:53.093076
│  انتهاء: 2026-08-14T19:58:53.093076
│  الحالة: نشط
│  التشفير: 0214f6787c0dc0e3...
└─────────────────────────────────────┘
        
[CODE #405] - 2026-08-13 19:58:53
┌─────────────────────────────────────┐
│  كود: KNATRI-Q2S1-KBQ3
│  إنشاء: 2026-08-13T19:58:53.093102
│  انتهاء: 2026-08-14T19:58:53.093102
│  الحالة: نشط
│  التشفير: 8bce67bde81b3c89...
└─────────────────────────────────────┘
        
[CODE #406] - 2026-08-13 19:58:53
┌─────────────────────────────────────┐
│  كود: KNATRI-BGQ8-DSWF
│  إنشاء: 2026-08-13T19:58:53.093131
│  انتهاء: 2026-08-14T19:58:53.093131
│  الحالة: نشط
│  التشفير: 8c6125eac6b04e44...
└─────────────────────────────────────┘
        
[CODE #407] - 2026-08-13 19:58:53
┌─────────────────────────────────────┐
│  كود: KNATRI-MSZP-1UX7
│  إنشاء: 2026-08-13T19:58:53.093159
│  انتهاء: 2026-08-14T19:58:53.093159
│  الحالة: نشط
│  التشفير: 8d6a801fc10589a2...
└─────────────────────────────────────┘
        
[CODE #408] - 2026-08-13 19:58:53
┌─────────────────────────────────────┐
│  كود: KNATRI-6ZHQ-E5S3
│  إنشاء: 2026-08-13T19:58:53.093188
│  انتهاء: 2026-08-14T19:58:53.093188
│  الحالة: نشط
│  التشفير: e21d3a8582a115f8...
└─────────────────────────────────────┘
        
[CODE #409] - 2026-08-13 19:58:53
┌─────────────────────────────────────┐
│  كود: KNATRI-GGHG-0XSP
│  إنشاء: 2026-08-13T19:58:53.093213
│  انتهاء: 2026-08-14T19:58:53.093213
│  الحالة: نشط
│  التشفير: bf071bbe668772c3...
└─────────────────────────────────────┘
        
[CODE #410] - 2026-08-13 19:58:53
┌─────────────────────────────────────┐
│  كود: KNATRI-0DZ8-SU5F
│  إنشاء: 2026-08-13T19:58:53.093240
│  انتهاء: 2026-08-14T19:58:53.093240
│  الحالة: نشط
│  التشفير: 9bb54b80e0ee94e8...
└─────────────────────────────────────┘
        
[CODE #411] - 2026-08-13 19:58:53
┌─────────────────────────────────────┐
│  كود: KNATRI-L3P8-RSE3
│  إنشاء: 2026-08-13T19:58:53.093267
│  انتهاء: 2026-08-14T19:58:53.093267
│  الحالة: نشط
│  التشفير: 6ab840b0d5b17126...
└─────────────────────────────────────┘
        
[CODE #412] - 2026-08-13 19:58:53
┌─────────────────────────────────────┐
│  كود: KNATRI-UVT3-8943
│  إنشاء: 2026-08-13T19:58:53.093292
│  انتهاء: 2026-08-14T19:58:53.093292
│  الحالة: نشط
│  التشفير: 9d61b298a43068c2...
└─────────────────────────────────────┘
        
[CODE #413] - 2026-08-13 19:58:53
┌─────────────────────────────────────┐
│  كود: KNATRI-QQMG-NA32
│  إنشاء: 2026-08-13T19:58:53.093319
│  انتهاء: 2026-08-14T19:58:53.093319
│  الحالة: نشط
│  التشفير: 3cae3dff3180c779...
└─────────────────────────────────────┘
        
[CODE #414] - 2026-08-13 19:58:53
┌─────────────────────────────────────┐
│  كود: KNATRI-L62A-U2DC
│  إنشاء: 2026-08-13T19:58:53.093343
│  انتهاء: 2026-08-14T19:58:53.093343
│  الحالة: نشط
│  التشفير: 064c8f4dcecc4e86...
└─────────────────────────────────────┘
        
[CODE #415] - 2026-08-13 19:58:53
┌─────────────────────────────────────┐
│  كود: KNATRI-A5CB-FJ14
│  إنشاء: 2026-08-13T19:58:53.093368
│  انتهاء: 2026-08-14T19:58:53.093368
│  الحالة: نشط
│  التشفير: 797a664f2f8333cf...
└─────────────────────────────────────┘
        
[CODE #416] - 2026-08-13 19:58:53
┌─────────────────────────────────────┐
│  كود: KNATRI-OA3V-U9QO
│  إنشاء: 2026-08-13T19:58:53.093395
│  انتهاء: 2026-08-14T19:58:53.093395
│  الحالة: نشط
│  التشفير: 651f17b79d6f72d9...
└─────────────────────────────────────┘
        
[CODE #417] - 2026-08-13 19:58:53
┌─────────────────────────────────────┐
│  كود: KNATRI-2B6W-183Q
│  إنشاء: 2026-08-13T19:58:53.093420
│  انتهاء: 2026-08-14T19:58:53.093420
│  الحالة: نشط
│  التشفير: 926ededc67c38cad...
└─────────────────────────────────────┘
        
[CODE #418] - 2026-08-13 19:58:53
┌─────────────────────────────────────┐
│  كود: KNATRI-7K8Q-AY9W
│  إنشاء: 2026-08-13T19:58:53.093444
│  انتهاء: 2026-08-14T19:58:53.093444
│  الحالة: نشط
│  التشفير: 023bd5f5683a4b46...
└─────────────────────────────────────┘
        
[CODE #419] - 2026-08-13 19:58:53
┌─────────────────────────────────────┐
│  كود: KNATRI-CAH4-9MNK
│  إنشاء: 2026-08-13T19:58:53.093471
│  انتهاء: 2026-08-14T19:58:53.093471
│  الحالة: نشط
│  التشفير: c48ed370bb71b8ab...
└─────────────────────────────────────┘
        
[CODE #420] - 2026-08-13 19:58:53
┌─────────────────────────────────────┐
│  كود: KNATRI-S4FJ-1PRS
│  إنشاء: 2026-08-13T19:58:53.093500
│  انتهاء: 2026-08-14T19:58:53.093500
│  الحالة: نشط
│  التشفير: ad2c1036080358a1...
└─────────────────────────────────────┘
        
[CODE #421] - 2026-08-13 19:58:53
┌─────────────────────────────────────┐
│  كود: KNATRI-JGI2-5RNU
│  إنشاء: 2026-08-13T19:58:53.093531
│  انتهاء: 2026-08-14T19:58:53.093531
│  الحالة: نشط
│  التشفير: 7bc352f5e03baa3b...
└─────────────────────────────────────┘
        
[CODE #422] - 2026-08-13 19:58:53
┌─────────────────────────────────────┐
│  كود: KNATRI-JKN5-RI0T
│  إنشاء: 2026-08-13T19:58:53.093563
│  انتهاء: 2026-08-14T19:58:53.093563
│  الحالة: نشط
│  التشفير: a94d7b6ec12735f3...
└─────────────────────────────────────┘
        
[CODE #423] - 2026-08-13 19:58:53
┌─────────────────────────────────────┐
│  كود: KNATRI-OX9A-0YUQ
│  إنشاء: 2026-08-13T19:58:53.093589
│  انتهاء: 2026-08-14T19:58:53.093589
│  الحالة: نشط
│  التشفير: b99b0aafe0e18a09...
└─────────────────────────────────────┘
        
[CODE #424] - 2026-08-13 19:58:53
┌─────────────────────────────────────┐
│  كود: KNATRI-XDE4-GZTF
│  إنشاء: 2026-08-13T19:58:53.093618
│  انتهاء: 2026-08-14T19:58:53.093618
│  الحالة: نشط
│  التشفير: f7d4261b0b4fd120...
└─────────────────────────────────────┘
        
[CODE #425] - 2026-08-13 19:58:53
┌─────────────────────────────────────┐
│  كود: KNATRI-LTKN-FB85
│  إنشاء: 2026-08-13T19:58:53.093643
│  انتهاء: 2026-08-14T19:58:53.093643
│  الحالة: نشط
│  التشفير: 9d3637f1bee43b70...
└─────────────────────────────────────┘
        
[CODE #426] - 2026-08-13 19:58:53
┌─────────────────────────────────────┐
│  كود: KNATRI-8CAE-50SN
│  إنشاء: 2026-08-13T19:58:53.093667
│  انتهاء: 2026-08-14T19:58:53.093667
│  الحالة: نشط
│  التشفير: ef7c7ef171db2985...
└─────────────────────────────────────┘
        
[CODE #427] - 2026-08-13 19:58:53
┌─────────────────────────────────────┐
│  كود: KNATRI-LBPG-VMZD
│  إنشاء: 2026-08-13T19:58:53.093695
│  انتهاء: 2026-08-14T19:58:53.093695
│  الحالة: نشط
│  التشفير: 50dff1eac7f3ae41...
└─────────────────────────────────────┘
        
[CODE #428] - 2026-08-13 19:58:53
┌─────────────────────────────────────┐
│  كود: KNATRI-6D7M-CLTK
│  إنشاء: 2026-08-13T19:58:53.093721
│  انتهاء: 2026-08-14T19:58:53.093721
│  الحالة: نشط
│  التشفير: 300ceb09a4c8f7b1...
└─────────────────────────────────────┘
        
[CODE #429] - 2026-08-13 19:58:53
┌─────────────────────────────────────┐
│  كود: KNATRI-EOLO-XEQQ
│  إنشاء: 2026-08-13T19:58:53.093746
│  انتهاء: 2026-08-14T19:58:53.093746
│  الحالة: نشط
│  التشفير: e5614dd265febac6...
└─────────────────────────────────────┘
        
[CODE #430] - 2026-08-13 19:58:53
┌─────────────────────────────────────┐
│  كود: KNATRI-NGI2-C21P
│  إنشاء: 2026-08-13T19:58:53.093772
│  انتهاء: 2026-08-14T19:58:53.093772
│  الحالة: نشط
│  التشفير: 0fb97b32a20c40f6...
└─────────────────────────────────────┘
        
[CODE #431] - 2026-08-13 19:58:53
┌─────────────────────────────────────┐
│  كود: KNATRI-AVMH-KV0R
│  إنشاء: 2026-08-13T19:58:53.093797
│  انتهاء: 2026-08-14T19:58:53.093797
│  الحالة: نشط
│  التشفير: 28a3d3aff8460260...
└─────────────────────────────────────┘
        
[CODE #432] - 2026-08-13 19:58:53
┌─────────────────────────────────────┐
│  كود: KNATRI-U8HB-W3GX
│  إنشاء: 2026-08-13T19:58:53.093831
│  انتهاء: 2026-08-14T19:58:53.093831
│  الحالة: نشط
│  التشفير: a5571f1bde29bf9c...
└─────────────────────────────────────┘
        
[CODE #433] - 2026-08-13 19:58:53
┌─────────────────────────────────────┐
│  كود: KNATRI-QZJG-3SRH
│  إنشاء: 2026-08-13T19:58:53.093856
│  انتهاء: 2026-08-14T19:58:53.093856
│  الحالة: نشط
│  التشفير: 5ecf62022dc1a3fb...
└─────────────────────────────────────┘
        
[CODE #434] - 2026-08-13 19:58:53
┌─────────────────────────────────────┐
│  كود: KNATRI-OCUU-3GIE
│  إنشاء: 2026-08-13T19:58:53.093883
│  انتهاء: 2026-08-14T19:58:53.093883
│  الحالة: نشط
│  التشفير: 55efb1db6da0b46b...
└─────────────────────────────────────┘
        
[CODE #435] - 2026-08-13 19:58:53
┌─────────────────────────────────────┐
│  كود: KNATRI-NKT1-Y3QQ
│  إنشاء: 2026-08-13T19:58:53.093910
│  انتهاء: 2026-08-14T19:58:53.093910
│  الحالة: نشط
│  التشفير: 462befeea74819af...
└─────────────────────────────────────┘
        
[CODE #436] - 2026-08-13 19:58:53
┌─────────────────────────────────────┐
│  كود: KNATRI-7MMS-7NKH
│  إنشاء: 2026-08-13T19:58:53.093932
│  انتهاء: 2026-08-14T19:58:53.093932
│  الحالة: نشط
│  التشفير: 57f78a765667a664...
└─────────────────────────────────────┘
        
[CODE #437] - 2026-08-13 19:58:53
┌─────────────────────────────────────┐
│  كود: KNATRI-LAGI-DDU6
│  إنشاء: 2026-08-13T19:58:53.093957
│  انتهاء: 2026-08-14T19:58:53.093957
│  الحالة: نشط
│  التشفير: 5715a78b0da9f3f9...
└─────────────────────────────────────┘
        
[CODE #438] - 2026-08-13 19:58:53
┌─────────────────────────────────────┐
│  كود: KNATRI-XZSN-BZ4J
│  إنشاء: 2026-08-13T19:58:53.093982
│  انتهاء: 2026-08-14T19:58:53.093982
│  الحالة: نشط
│  التشفير: 7dfef1a346c0456e...
└─────────────────────────────────────┘
        
[CODE #439] - 2026-08-13 19:58:53
┌─────────────────────────────────────┐
│  كود: KNATRI-GVQD-ZWEP
│  إنشاء: 2026-08-13T19:58:53.094007
│  انتهاء: 2026-08-14T19:58:53.094007
│  الحالة: نشط
│  التشفير: 95e1669447f90a76...
└─────────────────────────────────────┘
        
[CODE #440] - 2026-08-13 19:58:53
┌─────────────────────────────────────┐
│  كود: KNATRI-N720-4X24
│  إنشاء: 2026-08-13T19:58:53.094033
│  انتهاء: 2026-08-14T19:58:53.094033
│  الحالة: نشط
│  التشفير: c94893a36b36d8b5...
└─────────────────────────────────────┘
        
[CODE #441] - 2026-08-13 19:58:53
┌─────────────────────────────────────┐
│  كود: KNATRI-F6X4-2JFH
│  إنشاء: 2026-08-13T19:58:53.094063
│  انتهاء: 2026-08-14T19:58:53.094063
│  الحالة: نشط
│  التشفير: 384a3a445af71fe7...
└─────────────────────────────────────┘
        
[CODE #442] - 2026-08-13 19:58:53
┌─────────────────────────────────────┐
│  كود: KNATRI-WRU7-HK0X
│  إنشاء: 2026-08-13T19:58:53.094089
│  انتهاء: 2026-08-14T19:58:53.094089
│  الحالة: نشط
│  التشفير: db077953edde3dba...
└─────────────────────────────────────┘
        
[CODE #443] - 2026-08-13 19:58:53
┌─────────────────────────────────────┐
│  كود: KNATRI-2L25-O6QK
│  إنشاء: 2026-08-13T19:58:53.094114
│  انتهاء: 2026-08-14T19:58:53.094114
│  الحالة: نشط
│  التشفير: 41c30e4686dbbfc9...
└─────────────────────────────────────┘
        
[CODE #444] - 2026-08-13 19:58:53
┌─────────────────────────────────────┐
│  كود: KNATRI-0G2D-C7YB
│  إنشاء: 2026-08-13T19:58:53.094136
│  انتهاء: 2026-08-14T19:58:53.094136
│  الحالة: نشط
│  التشفير: 8ea8d03d9aa4e2e9...
└─────────────────────────────────────┘
        
[CODE #445] - 2026-08-13 19:58:53
┌─────────────────────────────────────┐
│  كود: KNATRI-AQUD-OU64
│  إنشاء: 2026-08-13T19:58:53.094162
│  انتهاء: 2026-08-14T19:58:53.094162
│  الحالة: نشط
│  التشفير: 4b2fc4789d39e231...
└─────────────────────────────────────┘
        
[CODE #446] - 2026-08-13 19:58:53
┌─────────────────────────────────────┐
│  كود: KNATRI-HSZU-IRWT
│  إنشاء: 2026-08-13T19:58:53.094186
│  انتهاء: 2026-08-14T19:58:53.094186
│  الحالة: نشط
│  التشفير: 0f2895f74be045a5...
└─────────────────────────────────────┘
        
[CODE #447] - 2026-08-13 19:58:53
┌─────────────────────────────────────┐
│  كود: KNATRI-6SHX-83YD
│  إنشاء: 2026-08-13T19:58:53.094214
│  انتهاء: 2026-08-14T19:58:53.094214
│  الحالة: نشط
│  التشفير: 7b9c6468c5e128c7...
└─────────────────────────────────────┘
        
[CODE #448] - 2026-08-13 19:58:53
┌─────────────────────────────────────┐
│  كود: KNATRI-0WQM-1IRM
│  إنشاء: 2026-08-13T19:58:53.094238
│  انتهاء: 2026-08-14T19:58:53.094238
│  الحالة: نشط
│  التشفير: 5003fa902ed1a271...
└─────────────────────────────────────┘
        
[CODE #449] - 2026-08-13 19:58:53
┌─────────────────────────────────────┐
│  كود: KNATRI-RK1E-IL6L
│  إنشاء: 2026-08-13T19:58:53.094264
│  انتهاء: 2026-08-14T19:58:53.094264
│  الحالة: نشط
│  التشفير: 9280a64b691a1dbb...
└─────────────────────────────────────┘
        
[CODE #450] - 2026-08-13 19:58:53
┌─────────────────────────────────────┐
│  كود: KNATRI-OTKO-I2HW
│  إنشاء: 2026-08-13T19:58:53.094297
│  انتهاء: 2026-08-14T19:58:53.094297
│  الحالة: نشط
│  التشفير: 224aedb87ef49027...
└─────────────────────────────────────┘
        
[CODE #451] - 2026-08-13 19:58:53
┌─────────────────────────────────────┐
│  كود: KNATRI-QC3M-KKC5
│  إنشاء: 2026-08-13T19:58:53.094323
│  انتهاء: 2026-08-14T19:58:53.094323
│  الحالة: نشط
│  التشفير: d3daa5babe780474...
└─────────────────────────────────────┘
        
[CODE #452] - 2026-08-13 19:58:53
┌─────────────────────────────────────┐
│  كود: KNATRI-WZ1M-D4VJ
│  إنشاء: 2026-08-13T19:58:53.094348
│  انتهاء: 2026-08-14T19:58:53.094348
│  الحالة: نشط
│  التشفير: 7e36435d812763d6...
└─────────────────────────────────────┘
        
[CODE #453] - 2026-08-13 19:58:53
┌─────────────────────────────────────┐
│  كود: KNATRI-QVN3-7V7D
│  إنشاء: 2026-08-13T19:58:53.094374
│  انتهاء: 2026-08-14T19:58:53.094374
│  الحالة: نشط
│  التشفير: 605f547ea75a1886...
└─────────────────────────────────────┘
        
[CODE #454] - 2026-08-13 19:58:53
┌─────────────────────────────────────┐
│  كود: KNATRI-7NVP-IZRH
│  إنشاء: 2026-08-13T19:58:53.094405
│  انتهاء: 2026-08-14T19:58:53.094405
│  الحالة: نشط
│  التشفير: 8c2baa5375531ed0...
└─────────────────────────────────────┘
        
[CODE #455] - 2026-08-13 19:58:53
┌─────────────────────────────────────┐
│  كود: KNATRI-2NJR-NDUB
│  إنشاء: 2026-08-13T19:58:53.094430
│  انتهاء: 2026-08-14T19:58:53.094430
│  الحالة: نشط
│  التشفير: 8c849a97f24285ab...
└─────────────────────────────────────┘
        
[CODE #456] - 2026-08-13 19:58:53
┌─────────────────────────────────────┐
│  كود: KNATRI-O29P-JJZ7
│  إنشاء: 2026-08-13T19:58:53.094456
│  انتهاء: 2026-08-14T19:58:53.094456
│  الحالة: نشط
│  التشفير: 7622579d6e449148...
└─────────────────────────────────────┘
        
[CODE #457] - 2026-08-13 19:58:53
┌─────────────────────────────────────┐
│  كود: KNATRI-PYC7-B48L
│  إنشاء: 2026-08-13T19:58:53.094483
│  انتهاء: 2026-08-14T19:58:53.094483
│  الحالة: نشط
│  التشفير: 2f33fc37fd41b423...
└─────────────────────────────────────┘
        
[CODE #458] - 2026-08-13 19:58:53
┌─────────────────────────────────────┐
│  كود: KNATRI-NR9Q-0C48
│  إنشاء: 2026-08-13T19:58:53.094512
│  انتهاء: 2026-08-14T19:58:53.094512
│  الحالة: نشط
│  التشفير: 7b6b86a36724133b...
└─────────────────────────────────────┘
        
[CODE #459] - 2026-08-13 19:58:53
┌─────────────────────────────────────┐
│  كود: KNATRI-5W5T-RPIR
│  إنشاء: 2026-08-13T19:58:53.094546
│  انتهاء: 2026-08-14T19:58:53.094546
│  الحالة: نشط
│  التشفير: f48dff6feaf63ec4...
└─────────────────────────────────────┘
        
[CODE #460] - 2026-08-13 19:58:53
┌─────────────────────────────────────┐
│  كود: KNATRI-BI5Z-HN0Z
│  إنشاء: 2026-08-13T19:58:53.094574
│  انتهاء: 2026-08-14T19:58:53.094574
│  الحالة: نشط
│  التشفير: f91c640aca4488f9...
└─────────────────────────────────────┘
        
[CODE #461] - 2026-08-13 19:58:53
┌─────────────────────────────────────┐
│  كود: KNATRI-0Q2W-HMB9
│  إنشاء: 2026-08-13T19:58:53.094600
│  انتهاء: 2026-08-14T19:58:53.094600
│  الحالة: نشط
│  التشفير: 74eb993b6fcffbb2...
└─────────────────────────────────────┘
        
[CODE #462] - 2026-08-13 19:58:53
┌─────────────────────────────────────┐
│  كود: KNATRI-BWU0-5W1R
│  إنشاء: 2026-08-13T19:58:53.094624
│  انتهاء: 2026-08-14T19:58:53.094624
│  الحالة: نشط
│  التشفير: f581028dd9a92a9d...
└─────────────────────────────────────┘
        
[CODE #463] - 2026-08-13 19:58:53
┌─────────────────────────────────────┐
│  كود: KNATRI-T424-YDJC
│  إنشاء: 2026-08-13T19:58:53.094650
│  انتهاء: 2026-08-14T19:58:53.094650
│  الحالة: نشط
│  التشفير: 082f7b7bbb6dc8f0...
└─────────────────────────────────────┘
        
[CODE #464] - 2026-08-13 19:58:53
┌─────────────────────────────────────┐
│  كود: KNATRI-TFKV-2QUA
│  إنشاء: 2026-08-13T19:58:53.094677
│  انتهاء: 2026-08-14T19:58:53.094677
│  الحالة: نشط
│  التشفير: 330dfd772b570cd2...
└─────────────────────────────────────┘
        
[CODE #465] - 2026-08-13 19:58:53
┌─────────────────────────────────────┐
│  كود: KNATRI-XZYD-MB6M
│  إنشاء: 2026-08-13T19:58:53.094701
│  انتهاء: 2026-08-14T19:58:53.094701
│  الحالة: نشط
│  التشفير: 67e71d2423b333d6...
└─────────────────────────────────────┘
        
[CODE #466] - 2026-08-13 19:58:53
┌─────────────────────────────────────┐
│  كود: KNATRI-QRHH-SDMS
│  إنشاء: 2026-08-13T19:58:53.094728
│  انتهاء: 2026-08-14T19:58:53.094728
│  الحالة: نشط
│  التشفير: 20b36b995d064f24...
└─────────────────────────────────────┘
        
[CODE #467] - 2026-08-13 19:58:53
┌─────────────────────────────────────┐
│  كود: KNATRI-8VCZ-WX5J
│  إنشاء: 2026-08-13T19:58:53.094751
│  انتهاء: 2026-08-14T19:58:53.094751
│  الحالة: نشط
│  التشفير: e86ad73f960c47cb...
└─────────────────────────────────────┘
        
[CODE #468] - 2026-08-13 19:58:53
┌─────────────────────────────────────┐
│  كود: KNATRI-NA0A-Q9HX
│  إنشاء: 2026-08-13T19:58:53.094780
│  انتهاء: 2026-08-14T19:58:53.094780
│  الحالة: نشط
│  التشفير: addf32cb9652651d...
└─────────────────────────────────────┘
        
[CODE #469] - 2026-08-13 19:58:53
┌─────────────────────────────────────┐
│  كود: KNATRI-0YEM-EI5M
│  إنشاء: 2026-08-13T19:58:53.094807
│  انتهاء: 2026-08-14T19:58:53.094807
│  الحالة: نشط
│  التشفير: bc27918ae83ad386...
└─────────────────────────────────────┘
        
[CODE #470] - 2026-08-13 19:58:53
┌─────────────────────────────────────┐
│  كود: KNATRI-1AUC-RZIW
│  إنشاء: 2026-08-13T19:58:53.094834
│  انتهاء: 2026-08-14T19:58:53.094834
│  الحالة: نشط
│  التشفير: d1e3d4c582b7e64a...
└─────────────────────────────────────┘
        
[CODE #471] - 2026-08-13 19:58:53
┌─────────────────────────────────────┐
│  كود: KNATRI-ADE6-LK8A
│  إنشاء: 2026-08-13T19:58:53.094858
│  انتهاء: 2026-08-14T19:58:53.094858
│  الحالة: نشط
│  التشفير: 0154a77b6e315b22...
└─────────────────────────────────────┘
        
[CODE #472] - 2026-08-13 19:58:53
┌─────────────────────────────────────┐
│  كود: KNATRI-B84K-SIG5
│  إنشاء: 2026-08-13T19:58:53.094883
│  انتهاء: 2026-08-14T19:58:53.094883
│  الحالة: نشط
│  التشفير: 8b41c0c451e14c37...
└─────────────────────────────────────┘
        
[CODE #473] - 2026-08-13 19:58:53
┌─────────────────────────────────────┐
│  كود: KNATRI-GFPL-KT1Q
│  إنشاء: 2026-08-13T19:58:53.094911
│  انتهاء: 2026-08-14T19:58:53.094911
│  الحالة: نشط
│  التشفير: 7cb06a0d6a508d5e...
└─────────────────────────────────────┘
        
[CODE #474] - 2026-08-13 19:58:53
┌─────────────────────────────────────┐
│  كود: KNATRI-2VNQ-RA0S
│  إنشاء: 2026-08-13T19:58:53.094938
│  انتهاء: 2026-08-14T19:58:53.094938
│  الحالة: نشط
│  التشفير: be0e23f75cd66ee8...
└─────────────────────────────────────┘
        
[CODE #475] - 2026-08-13 19:58:53
┌─────────────────────────────────────┐
│  كود: KNATRI-FO8A-GJJO
│  إنشاء: 2026-08-13T19:58:53.094963
│  انتهاء: 2026-08-14T19:58:53.094963
│  الحالة: نشط
│  التشفير: 9fba9aab13e5baa6...
└─────────────────────────────────────┘
        
[CODE #476] - 2026-08-13 19:58:53
┌─────────────────────────────────────┐
│  كود: KNATRI-XHEF-OJ72
│  إنشاء: 2026-08-13T19:58:53.094994
│  انتهاء: 2026-08-14T19:58:53.094994
│  الحالة: نشط
│  التشفير: 74d4674a46df3820...
└─────────────────────────────────────┘
        
[CODE #477] - 2026-08-13 19:58:53
┌─────────────────────────────────────┐
│  كود: KNATRI-50PJ-W8OD
│  إنشاء: 2026-08-13T19:58:53.095018
│  انتهاء: 2026-08-14T19:58:53.095018
│  الحالة: نشط
│  التشفير: 4c73248a3ffd683f...
└─────────────────────────────────────┘
        
[CODE #478] - 2026-08-13 19:58:53
┌─────────────────────────────────────┐
│  كود: KNATRI-G4MN-FGED
│  إنشاء: 2026-08-13T19:58:53.095043
│  انتهاء: 2026-08-14T19:58:53.095043
│  الحالة: نشط
│  التشفير: 34ff094315c811c6...
└─────────────────────────────────────┘
        
[CODE #479] - 2026-08-13 19:58:53
┌─────────────────────────────────────┐
│  كود: KNATRI-98NK-GVNN
│  إنشاء: 2026-08-13T19:58:53.095070
│  انتهاء: 2026-08-14T19:58:53.095070
│  الحالة: نشط
│  التشفير: 6377b82a698af825...
└─────────────────────────────────────┘
        
[CODE #480] - 2026-08-13 19:58:53
┌─────────────────────────────────────┐
│  كود: KNATRI-4D85-Z90Q
│  إنشاء: 2026-08-13T19:58:53.095098
│  انتهاء: 2026-08-14T19:58:53.095098
│  الحالة: نشط
│  التشفير: 4f33765d760cf069...
└─────────────────────────────────────┘
        
[CODE #481] - 2026-08-13 19:58:53
┌─────────────────────────────────────┐
│  كود: KNATRI-1F64-BJOZ
│  إنشاء: 2026-08-13T19:58:53.095123
│  انتهاء: 2026-08-14T19:58:53.095123
│  الحالة: نشط
│  التشفير: c636c157873da4c5...
└─────────────────────────────────────┘
        
[CODE #482] - 2026-08-13 19:58:53
┌─────────────────────────────────────┐
│  كود: KNATRI-9X5L-Y3SI
│  إنشاء: 2026-08-13T19:58:53.095153
│  انتهاء: 2026-08-14T19:58:53.095153
│  الحالة: نشط
│  التشفير: c9c1924ab87f220b...
└─────────────────────────────────────┘
        
[CODE #483] - 2026-08-13 19:58:53
┌─────────────────────────────────────┐
│  كود: KNATRI-HX42-RJH9
│  إنشاء: 2026-08-13T19:58:53.095218
│  انتهاء: 2026-08-14T19:58:53.095218
│  الحالة: نشط
│  التشفير: 3dc0187758b72adc...
└─────────────────────────────────────┘
        
[CODE #484] - 2026-08-13 19:58:53
┌─────────────────────────────────────┐
│  كود: KNATRI-TRJ4-YXSI
│  إنشاء: 2026-08-13T19:58:53.095246
│  انتهاء: 2026-08-14T19:58:53.095246
│  الحالة: نشط
│  التشفير: f3f425c8d5f24d85...
└─────────────────────────────────────┘
        
[CODE #485] - 2026-08-13 19:58:53
┌─────────────────────────────────────┐
│  كود: KNATRI-81EI-TQ75
│  إنشاء: 2026-08-13T19:58:53.095274
│  انتهاء: 2026-08-14T19:58:53.095274
│  الحالة: نشط
│  التشفير: dd4c868eccb2da68...
└─────────────────────────────────────┘
        
[CODE #486] - 2026-08-13 19:58:53
┌─────────────────────────────────────┐
│  كود: KNATRI-EOFY-BCKB
│  إنشاء: 2026-08-13T19:58:53.095298
│  انتهاء: 2026-08-14T19:58:53.095298
│  الحالة: نشط
│  التشفير: b0b5b8849f34d3d7...
└─────────────────────────────────────┘
        
[CODE #487] - 2026-08-13 19:58:53
┌─────────────────────────────────────┐
│  كود: KNATRI-7URE-PN2H
│  إنشاء: 2026-08-13T19:58:53.095323
│  انتهاء: 2026-08-14T19:58:53.095323
│  الحالة: نشط
│  التشفير: 5e6bce3462dc4b7a...
└─────────────────────────────────────┘
        
[CODE #488] - 2026-08-13 19:58:53
┌─────────────────────────────────────┐
│  كود: KNATRI-V31B-VY88
│  إنشاء: 2026-08-13T19:58:53.095352
│  انتهاء: 2026-08-14T19:58:53.095352
│  الحالة: نشط
│  التشفير: 72a1fe5b4a7bc8a2...
└─────────────────────────────────────┘
        
[CODE #489] - 2026-08-13 19:58:53
┌─────────────────────────────────────┐
│  كود: KNATRI-4JUS-JGC1
│  إنشاء: 2026-08-13T19:58:53.095382
│  انتهاء: 2026-08-14T19:58:53.095382
│  الحالة: نشط
│  التشفير: 6e87256b7cae4f7f...
└─────────────────────────────────────┘
        
[CODE #490] - 2026-08-13 19:58:53
┌─────────────────────────────────────┐
│  كود: KNATRI-DWR4-0TW5
│  إنشاء: 2026-08-13T19:58:53.095408
│  انتهاء: 2026-08-14T19:58:53.095408
│  الحالة: نشط
│  التشفير: f122b8c777235f84...
└─────────────────────────────────────┘
        
[CODE #491] - 2026-08-13 19:58:53
┌─────────────────────────────────────┐
│  كود: KNATRI-2I0T-G3AS
│  إنشاء: 2026-08-13T19:58:53.095433
│  انتهاء: 2026-08-14T19:58:53.095433
│  الحالة: نشط
│  التشفير: 88f712a34b3f3d73...
└─────────────────────────────────────┘
        
[CODE #492] - 2026-08-13 19:58:53
┌─────────────────────────────────────┐
│  كود: KNATRI-E3EE-MGHJ
│  إنشاء: 2026-08-13T19:58:53.095459
│  انتهاء: 2026-08-14T19:58:53.095459
│  الحالة: نشط
│  التشفير: 817c44b4ff797b01...
└─────────────────────────────────────┘
        
[CODE #493] - 2026-08-13 19:58:53
┌─────────────────────────────────────┐
│  كود: KNATRI-KE4X-14RP
│  إنشاء: 2026-08-13T19:58:53.095484
│  انتهاء: 2026-08-14T19:58:53.095484
│  الحالة: نشط
│  التشفير: 15dbfb1a35386fc3...
└─────────────────────────────────────┘
        
[CODE #494] - 2026-08-13 19:58:53
┌─────────────────────────────────────┐
│  كود: KNATRI-0WT8-2M91
│  إنشاء: 2026-08-13T19:58:53.095511
│  انتهاء: 2026-08-14T19:58:53.095511
│  الحالة: نشط
│  التشفير: 39847917a6df770f...
└─────────────────────────────────────┘
        
[CODE #495] - 2026-08-13 19:58:53
┌─────────────────────────────────────┐
│  كود: KNATRI-JYQ8-JDOX
│  إنشاء: 2026-08-13T19:58:53.095545
│  انتهاء: 2026-08-14T19:58:53.095545
│  الحالة: نشط
│  التشفير: e511498f3f732e0e...
└─────────────────────────────────────┘
        
[CODE #496] - 2026-08-13 19:58:53
┌─────────────────────────────────────┐
│  كود: KNATRI-XTWL-JDPG
│  إنشاء: 2026-08-13T19:58:53.095579
│  انتهاء: 2026-08-14T19:58:53.095579
│  الحالة: نشط
│  التشفير: a98fe0ece24a535f...
└─────────────────────────────────────┘
        
[CODE #497] - 2026-08-13 19:58:53
┌─────────────────────────────────────┐
│  كود: KNATRI-5DOC-CIKQ
│  إنشاء: 2026-08-13T19:58:53.095604
│  انتهاء: 2026-08-14T19:58:53.095604
│  الحالة: نشط
│  التشفير: d8ca805034ef62bf...
└─────────────────────────────────────┘
        
[CODE #498] - 2026-08-13 19:58:53
┌─────────────────────────────────────┐
│  كود: KNATRI-6S6A-MKPM
│  إنشاء: 2026-08-13T19:58:53.095631
│  انتهاء: 2026-08-14T19:58:53.095631
│  الحالة: نشط
│  التشفير: 4cf91fdc9639724f...
└─────────────────────────────────────┘
        
[CODE #499] - 2026-08-13 19:58:53
┌─────────────────────────────────────┐
│  كود: KNATRI-O314-HJEB
│  إنشاء: 2026-08-13T19:58:53.095658
│  انتهاء: 2026-08-14T19:58:53.095658
│  الحالة: نشط
│  التشفير: 9380a708d5297b05...
└─────────────────────────────────────┘
        
[CODE #500] - 2026-08-13 19:58:53
┌─────────────────────────────────────┐
│  كود: KNATRI-M3LZ-9FFS
│  إنشاء: 2026-08-13T19:58:53.095684
│  انتهاء: 2026-08-14T19:58:53.095684
│  الحالة: نشط
│  التشفير: 3c5c70e85cdc2cc0...
└─────────────────────────────────────┘
        
[CODE #501] - 2026-08-13 19:58:53
┌─────────────────────────────────────┐
│  كود: KNATRI-S0G7-7XIM
│  إنشاء: 2026-08-13T19:58:53.095708
│  انتهاء: 2026-08-14T19:58:53.095708
│  الحالة: نشط
│  التشفير: 468186cca72ce9af...
└─────────────────────────────────────┘
        
[CODE #502] - 2026-08-13 19:58:53
┌─────────────────────────────────────┐
│  كود: KNATRI-OCTL-E9RY
│  إنشاء: 2026-08-13T19:58:53.095737
│  انتهاء: 2026-08-14T19:58:53.095737
│  الحالة: نشط
│  التشفير: e272adb6a2e53fb5...
└─────────────────────────────────────┘
        
[CODE #503] - 2026-08-13 19:58:53
┌─────────────────────────────────────┐
│  كود: KNATRI-2J5B-ZCC8
│  إنشاء: 2026-08-13T19:58:53.095764
│  انتهاء: 2026-08-14T19:58:53.095764
│  الحالة: نشط
│  التشفير: 8814186e356bf377...
└─────────────────────────────────────┘
        
[CODE #504] - 2026-08-13 19:58:53
┌─────────────────────────────────────┐
│  كود: KNATRI-505U-NLRV
│  إنشاء: 2026-08-13T19:58:53.095788
│  انتهاء: 2026-08-14T19:58:53.095788
│  الحالة: نشط
│  التشفير: 1efa75df5ba9dc39...
└─────────────────────────────────────┘
        
[CODE #505] - 2026-08-13 19:58:53
┌─────────────────────────────────────┐
│  كود: KNATRI-98QJ-JUPC
│  إنشاء: 2026-08-13T19:58:53.095817
│  انتهاء: 2026-08-14T19:58:53.095817
│  الحالة: نشط
│  التشفير: 84ea07763d2d0bb8...
└─────────────────────────────────────┘
        
[CODE #506] - 2026-08-13 19:58:53
┌─────────────────────────────────────┐
│  كود: KNATRI-5DCH-H7HM
│  إنشاء: 2026-08-13T19:58:53.095844
│  انتهاء: 2026-08-14T19:58:53.095844
│  الحالة: نشط
│  التشفير: 5741377cb3e2ef4b...
└─────────────────────────────────────┘
        
[CODE #507] - 2026-08-13 19:58:53
┌─────────────────────────────────────┐
│  كود: KNATRI-NJ1N-AV2S
│  إنشاء: 2026-08-13T19:58:53.095870
│  انتهاء: 2026-08-14T19:58:53.095870
│  الحالة: نشط
│  التشفير: c52e1e7b10f654b8...
└─────────────────────────────────────┘
        
[CODE #508] - 2026-08-13 19:58:53
┌─────────────────────────────────────┐
│  كود: KNATRI-KKA9-ZCVE
│  إنشاء: 2026-08-13T19:58:53.095894
│  انتهاء: 2026-08-14T19:58:53.095894
│  الحالة: نشط
│  التشفير: bbe6c864bbf48f16...
└─────────────────────────────────────┘
        
[CODE #509] - 2026-08-13 19:58:53
┌─────────────────────────────────────┐
│  كود: KNATRI-ZXY7-0DD0
│  إنشاء: 2026-08-13T19:58:53.095919
│  انتهاء: 2026-08-14T19:58:53.095919
│  الحالة: نشط
│  التشفير: 5d07ec8d14294967...
└─────────────────────────────────────┘
        
[CODE #510] - 2026-08-13 19:58:53
┌─────────────────────────────────────┐
│  كود: KNATRI-LGHJ-63ZR
│  إنشاء: 2026-08-13T19:58:53.095947
│  انتهاء: 2026-08-14T19:58:53.095947
│  الحالة: نشط
│  التشفير: 1c7c73ef9e5c3718...
└─────────────────────────────────────┘
        
[CODE #511] - 2026-08-13 19:58:53
┌─────────────────────────────────────┐
│  كود: KNATRI-7Y4E-887O
│  إنشاء: 2026-08-13T19:58:53.095972
│  انتهاء: 2026-08-14T19:58:53.095972
│  الحالة: نشط
│  التشفير: 5bd7c341e673a410...
└─────────────────────────────────────┘
        
[CODE #512] - 2026-08-13 19:58:53
┌─────────────────────────────────────┐
│  كود: KNATRI-620R-5XF5
│  إنشاء: 2026-08-13T19:58:53.096002
│  انتهاء: 2026-08-14T19:58:53.096002
│  الحالة: نشط
│  التشفير: d4fdf19d475e54dc...
└─────────────────────────────────────┘
        
[CODE #513] - 2026-08-13 19:58:53
┌─────────────────────────────────────┐
│  كود: KNATRI-XR8R-TLEC
│  إنشاء: 2026-08-13T19:58:53.096030
│  انتهاء: 2026-08-14T19:58:53.096030
│  الحالة: نشط
│  التشفير: 990f432525c4e7b1...
└─────────────────────────────────────┘
        
[CODE #514] - 2026-08-13 19:58:53
┌─────────────────────────────────────┐
│  كود: KNATRI-PBBC-1T1P
│  إنشاء: 2026-08-13T19:58:53.096058
│  انتهاء: 2026-08-14T19:58:53.096058
│  الحالة: نشط
│  التشفير: eda9597fe3433a2c...
└─────────────────────────────────────┘
        
[CODE #515] - 2026-08-13 19:58:53
┌─────────────────────────────────────┐
│  كود: KNATRI-TB1I-0ZBY
│  إنشاء: 2026-08-13T19:58:53.096083
│  انتهاء: 2026-08-14T19:58:53.096083
│  الحالة: نشط
│  التشفير: 4d3b9c353623d29f...
└─────────────────────────────────────┘
        
[CODE #516] - 2026-08-13 19:58:53
┌─────────────────────────────────────┐
│  كود: KNATRI-OF8R-MY35
│  إنشاء: 2026-08-13T19:58:53.096112
│  انتهاء: 2026-08-14T19:58:53.096112
│  الحالة: نشط
│  التشفير: 672be8981088e2bf...
└─────────────────────────────────────┘
        
[CODE #517] - 2026-08-13 19:58:53
┌─────────────────────────────────────┐
│  كود: KNATRI-PC02-Y3SW
│  إنشاء: 2026-08-13T19:58:53.096137
│  انتهاء: 2026-08-14T19:58:53.096137
│  الحالة: نشط
│  التشفير: e1147c4093bf0eca...
└─────────────────────────────────────┘
        
[CODE #518] - 2026-08-13 19:58:53
┌─────────────────────────────────────┐
│  كود: KNATRI-GMPY-DWQ4
│  إنشاء: 2026-08-13T19:58:53.096164
│  انتهاء: 2026-08-14T19:58:53.096164
│  الحالة: نشط
│  التشفير: ee0626e8f22c605b...
└─────────────────────────────────────┘
        
[CODE #519] - 2026-08-13 19:58:53
┌─────────────────────────────────────┐
│  كود: KNATRI-YJLN-CV5B
│  إنشاء: 2026-08-13T19:58:53.096195
│  انتهاء: 2026-08-14T19:58:53.096195
│  الحالة: نشط
│  التشفير: 58fb19429bd45ebb...
└─────────────────────────────────────┘
        
[CODE #520] - 2026-08-13 19:58:53
┌─────────────────────────────────────┐
│  كود: KNATRI-VU6S-45B0
│  إنشاء: 2026-08-13T19:58:53.096224
│  انتهاء: 2026-08-14T19:58:53.096224
│  الحالة: نشط
│  التشفير: 86038cbce2944e2b...
└─────────────────────────────────────┘
        
[CODE #521] - 2026-08-13 19:58:53
┌─────────────────────────────────────┐
│  كود: KNATRI-H1M9-UL4J
│  إنشاء: 2026-08-13T19:58:53.096252
│  انتهاء: 2026-08-14T19:58:53.096252
│  الحالة: نشط
│  التشفير: 5a8c1cdbd11049b5...
└─────────────────────────────────────┘
        
[CODE #522] - 2026-08-13 19:58:53
┌─────────────────────────────────────┐
│  كود: KNATRI-379S-EKPN
│  إنشاء: 2026-08-13T19:58:53.096283
│  انتهاء: 2026-08-14T19:58:53.096283
│  الحالة: نشط
│  التشفير: 5498ac0fcb1048c9...
└─────────────────────────────────────┘
        
[CODE #523] - 2026-08-13 19:58:53
┌─────────────────────────────────────┐
│  كود: KNATRI-242S-Z2XK
│  إنشاء: 2026-08-13T19:58:53.096307
│  انتهاء: 2026-08-14T19:58:53.096307
│  الحالة: نشط
│  التشفير: a131e3178276be0f...
└─────────────────────────────────────┘
        
[CODE #524] - 2026-08-13 19:58:53
┌─────────────────────────────────────┐
│  كود: KNATRI-WZLI-2VOS
│  إنشاء: 2026-08-13T19:58:53.096334
│  انتهاء: 2026-08-14T19:58:53.096334
│  الحالة: نشط
│  التشفير: 12d1ac12f8633fab...
└─────────────────────────────────────┘
        
[CODE #525] - 2026-08-13 19:58:53
┌─────────────────────────────────────┐
│  كود: KNATRI-42WH-8XDG
│  إنشاء: 2026-08-13T19:58:53.096362
│  انتهاء: 2026-08-14T19:58:53.096362
│  الحالة: نشط
│  التشفير: bbd7c053153fa0ed...
└─────────────────────────────────────┘
        
[CODE #526] - 2026-08-13 19:58:53
┌─────────────────────────────────────┐
│  كود: KNATRI-8SCF-TCQ5
│  إنشاء: 2026-08-13T19:58:53.096387
│  انتهاء: 2026-08-14T19:58:53.096387
│  الحالة: نشط
│  التشفير: dea77e1b90f4f88b...
└─────────────────────────────────────┘
        
[CODE #527] - 2026-08-13 19:58:53
┌─────────────────────────────────────┐
│  كود: KNATRI-VVMY-4YRS
│  إنشاء: 2026-08-13T19:58:53.096415
│  انتهاء: 2026-08-14T19:58:53.096415
│  الحالة: نشط
│  التشفير: 0cb5b7046bf590a5...
└─────────────────────────────────────┘
        
[CODE #528] - 2026-08-13 19:58:53
┌─────────────────────────────────────┐
│  كود: KNATRI-DXIO-BYRC
│  إنشاء: 2026-08-13T19:58:53.096442
│  انتهاء: 2026-08-14T19:58:53.096442
│  الحالة: نشط
│  التشفير: 51caef83189f7d9d...
└─────────────────────────────────────┘
        
[CODE #529] - 2026-08-13 19:58:53
┌─────────────────────────────────────┐
│  كود: KNATRI-UM7K-E30P
│  إنشاء: 2026-08-13T19:58:53.096473
│  انتهاء: 2026-08-14T19:58:53.096473
│  الحالة: نشط
│  التشفير: eb1ca003e99b79d9...
└─────────────────────────────────────┘
        
[CODE #530] - 2026-08-13 19:58:53
┌─────────────────────────────────────┐
│  كود: KNATRI-7QYP-3RKH
│  إنشاء: 2026-08-13T19:58:53.096498
│  انتهاء: 2026-08-14T19:58:53.096498
│  الحالة: نشط
│  التشفير: 8b1e6841fd296a9f...
└─────────────────────────────────────┘
        
[CODE #531] - 2026-08-13 19:58:53
┌─────────────────────────────────────┐
│  كود: KNATRI-EI6D-1Z4X
│  إنشاء: 2026-08-13T19:58:53.096521
│  انتهاء: 2026-08-14T19:58:53.096521
│  الحالة: نشط
│  التشفير: a6e4bc34e27f7358...
└─────────────────────────────────────┘
        
[CODE #532] - 2026-08-13 19:58:53
┌─────────────────────────────────────┐
│  كود: KNATRI-5ABU-OTWF
│  إنشاء: 2026-08-13T19:58:53.096552
│  انتهاء: 2026-08-14T19:58:53.096552
│  الحالة: نشط
│  التشفير: 9763bf244f3b4e05...
└─────────────────────────────────────┘
        
[CODE #533] - 2026-08-13 19:58:53
┌─────────────────────────────────────┐
│  كود: KNATRI-HJJF-O57Y
│  إنشاء: 2026-08-13T19:58:53.096582
│  انتهاء: 2026-08-14T19:58:53.096582
│  الحالة: نشط
│  التشفير: bcd2477b19dc537c...
└─────────────────────────────────────┘
        
[CODE #534] - 2026-08-13 19:58:53
┌─────────────────────────────────────┐
│  كود: KNATRI-UIFT-8GO2
│  إنشاء: 2026-08-13T19:58:53.096609
│  انتهاء: 2026-08-14T19:58:53.096609
│  الحالة: نشط
│  التشفير: b670386be9b35a04...
└─────────────────────────────────────┘
        
[CODE #535] - 2026-08-13 19:58:53
┌─────────────────────────────────────┐
│  كود: KNATRI-GG5G-H037
│  إنشاء: 2026-08-13T19:58:53.096633
│  انتهاء: 2026-08-14T19:58:53.096633
│  الحالة: نشط
│  التشفير: 9fd4ce9f2aabb176...
└─────────────────────────────────────┘
        
[CODE #536] - 2026-08-13 19:58:53
┌─────────────────────────────────────┐
│  كود: KNATRI-B6B2-J788
│  إنشاء: 2026-08-13T19:58:53.096658
│  انتهاء: 2026-08-14T19:58:53.096658
│  الحالة: نشط
│  التشفير: 975526b7e64c6f16...
└─────────────────────────────────────┘
        
[CODE #537] - 2026-08-13 19:58:53
┌─────────────────────────────────────┐
│  كود: KNATRI-QXDV-J9PR
│  إنشاء: 2026-08-13T19:58:53.096686
│  انتهاء: 2026-08-14T19:58:53.096686
│  الحالة: نشط
│  التشفير: 4291603e7b7dcab8...
└─────────────────────────────────────┘
        
[CODE #538] - 2026-08-13 19:58:53
┌─────────────────────────────────────┐
│  كود: KNATRI-4HYI-THMN
│  إنشاء: 2026-08-13T19:58:53.096714
│  انتهاء: 2026-08-14T19:58:53.096714
│  الحالة: نشط
│  التشفير: b01c455fcec02266...
└─────────────────────────────────────┘
        
[CODE #539] - 2026-08-13 19:58:53
┌─────────────────────────────────────┐
│  كود: KNATRI-XB3H-84TO
│  إنشاء: 2026-08-13T19:58:53.096740
│  انتهاء: 2026-08-14T19:58:53.096740
│  الحالة: نشط
│  التشفير: 7afdade9733a4668...
└─────────────────────────────────────┘
        
[CODE #540] - 2026-08-13 19:58:53
┌─────────────────────────────────────┐
│  كود: KNATRI-5JM4-FV1L
│  إنشاء: 2026-08-13T19:58:53.096769
│  انتهاء: 2026-08-14T19:58:53.096769
│  الحالة: نشط
│  التشفير: 8e80920798bdf018...
└─────────────────────────────────────┘
        
[CODE #541] - 2026-08-13 19:58:53
┌─────────────────────────────────────┐
│  كود: KNATRI-6BUA-19ED
│  إنشاء: 2026-08-13T19:58:53.096794
│  انتهاء: 2026-08-14T19:58:53.096794
│  الحالة: نشط
│  التشفير: dda355b1c0e91db3...
└─────────────────────────────────────┘
        
[CODE #542] - 2026-08-13 19:58:53
┌─────────────────────────────────────┐
│  كود: KNATRI-DUSQ-2D7Q
│  إنشاء: 2026-08-13T19:58:53.096822
│  انتهاء: 2026-08-14T19:58:53.096822
│  الحالة: نشط
│  التشفير: c633611b81d778d0...
└─────────────────────────────────────┘
        
[CODE #543] - 2026-08-13 19:58:53
┌─────────────────────────────────────┐
│  كود: KNATRI-3QV2-MIQI
│  إنشاء: 2026-08-13T19:58:53.096847
│  انتهاء: 2026-08-14T19:58:53.096847
│  الحالة: نشط
│  التشفير: 89637feb3540a53a...
└─────────────────────────────────────┘
        
[CODE #544] - 2026-08-13 19:58:53
┌─────────────────────────────────────┐
│  كود: KNATRI-C3JY-S34K
│  إنشاء: 2026-08-13T19:58:53.096872
│  انتهاء: 2026-08-14T19:58:53.096872
│  الحالة: نشط
│  التشفير: b9de5d5bd1fe089d...
└─────────────────────────────────────┘
        
[CODE #545] - 2026-08-13 19:58:53
┌─────────────────────────────────────┐
│  كود: KNATRI-78TP-C15Q
│  إنشاء: 2026-08-13T19:58:53.096897
│  انتهاء: 2026-08-14T19:58:53.096897
│  الحالة: نشط
│  التشفير: fb9f286c85d22f81...
└─────────────────────────────────────┘
        
[CODE #546] - 2026-08-13 19:58:53
┌─────────────────────────────────────┐
│  كود: KNATRI-0JQB-OWMI
│  إنشاء: 2026-08-13T19:58:53.096919
│  انتهاء: 2026-08-14T19:58:53.096919
│  الحالة: نشط
│  التشفير: 67b4bb268dc9d8a2...
└─────────────────────────────────────┘
        
[CODE #547] - 2026-08-13 19:58:53
┌─────────────────────────────────────┐
│  كود: KNATRI-90WS-AYHJ
│  إنشاء: 2026-08-13T19:58:53.097034
│  انتهاء: 2026-08-14T19:58:53.097034
│  الحالة: نشط
│  التشفير: 1be4daaf5b67d721...
└─────────────────────────────────────┘
        
[CODE #548] - 2026-08-13 19:58:53
┌─────────────────────────────────────┐
│  كود: KNATRI-0IJD-0ZL4
│  إنشاء: 2026-08-13T19:58:53.097063
│  انتهاء: 2026-08-14T19:58:53.097063
│  الحالة: نشط
│  التشفير: 5e9eb2bb58c0c968...
└─────────────────────────────────────┘
        
[CODE #549] - 2026-08-13 19:58:53
┌─────────────────────────────────────┐
│  كود: KNATRI-T2JE-7MS4
│  إنشاء: 2026-08-13T19:58:53.097090
│  انتهاء: 2026-08-14T19:58:53.097090
│  الحالة: نشط
│  التشفير: 098377cd5ff560b0...
└─────────────────────────────────────┘
        
[CODE #550] - 2026-08-13 19:58:53
┌─────────────────────────────────────┐
│  كود: KNATRI-XT7C-DNAO
│  إنشاء: 2026-08-13T19:58:53.097117
│  انتهاء: 2026-08-14T19:58:53.097117
│  الحالة: نشط
│  التشفير: 1fcde0a0b1681281...
└─────────────────────────────────────┘
        
[CODE #551] - 2026-08-13 19:58:53
┌─────────────────────────────────────┐
│  كود: KNATRI-BXTB-4JG1
│  إنشاء: 2026-08-13T19:58:53.097146
│  انتهاء: 2026-08-14T19:58:53.097146
│  الحالة: نشط
│  التشفير: 5beb49960ac130dc...
└─────────────────────────────────────┘
        
[CODE #552] - 2026-08-13 19:58:53
┌─────────────────────────────────────┐
│  كود: KNATRI-LBDG-VABS
│  إنشاء: 2026-08-13T19:58:53.097174
│  انتهاء: 2026-08-14T19:58:53.097174
│  الحالة: نشط
│  التشفير: 75038a53094356bc...
└─────────────────────────────────────┘
        
[CODE #553] - 2026-08-13 19:58:53
┌─────────────────────────────────────┐
│  كود: KNATRI-T2T8-J4JN
│  إنشاء: 2026-08-13T19:58:53.097198
│  انتهاء: 2026-08-14T19:58:53.097198
│  الحالة: نشط
│  التشفير: aacaed7df31314d2...
└─────────────────────────────────────┘
        
[CODE #554] - 2026-08-13 19:58:53
┌─────────────────────────────────────┐
│  كود: KNATRI-GSNI-GWVK
│  إنشاء: 2026-08-13T19:58:53.097224
│  انتهاء: 2026-08-14T19:58:53.097224
│  الحالة: نشط
│  التشفير: c3853243b4f07086...
└─────────────────────────────────────┘
        
[CODE #555] - 2026-08-13 19:58:53
┌─────────────────────────────────────┐
│  كود: KNATRI-G5SK-WWR1
│  إنشاء: 2026-08-13T19:58:53.097249
│  انتهاء: 2026-08-14T19:58:53.097249
│  الحالة: نشط
│  التشفير: 0e2f08d9df1e5c3b...
└─────────────────────────────────────┘
        
[CODE #556] - 2026-08-13 19:58:53
┌─────────────────────────────────────┐
│  كود: KNATRI-5P61-NZFE
│  إنشاء: 2026-08-13T19:58:53.097275
│  انتهاء: 2026-08-14T19:58:53.097275
│  الحالة: نشط
│  التشفير: cc78b2426d7cb1c8...
└─────────────────────────────────────┘
        
[CODE #557] - 2026-08-13 19:58:53
┌─────────────────────────────────────┐
│  كود: KNATRI-9U2M-BP6A
│  إنشاء: 2026-08-13T19:58:53.097301
│  انتهاء: 2026-08-14T19:58:53.097301
│  الحالة: نشط
│  التشفير: 92d5b92c3f208f26...
└─────────────────────────────────────┘
        
[CODE #558] - 2026-08-13 19:58:53
┌─────────────────────────────────────┐
│  كود: KNATRI-5ES9-HZP7
│  إنشاء: 2026-08-13T19:58:53.097329
│  انتهاء: 2026-08-14T19:58:53.097329
│  الحالة: نشط
│  التشفير: 06444f2a9fcbb199...
└─────────────────────────────────────┘
        
[CODE #559] - 2026-08-13 19:58:53
┌─────────────────────────────────────┐
│  كود: KNATRI-WJ4E-9A9C
│  إنشاء: 2026-08-13T19:58:53.097355
│  انتهاء: 2026-08-14T19:58:53.097355
│  الحالة: نشط
│  التشفير: 0cd29000b73d789a...
└─────────────────────────────────────┘
        
[CODE #560] - 2026-08-13 19:58:53
┌─────────────────────────────────────┐
│  كود: KNATRI-2ERD-YFYD
│  إنشاء: 2026-08-13T19:58:53.097384
│  انتهاء: 2026-08-14T19:58:53.097384
│  الحالة: نشط
│  التشفير: c2333b68f85c8e17...
└─────────────────────────────────────┘
        
[CODE #561] - 2026-08-13 19:58:53
┌─────────────────────────────────────┐
│  كود: KNATRI-YM2P-7NFK
│  إنشاء: 2026-08-13T19:58:53.097410
│  انتهاء: 2026-08-14T19:58:53.097410
│  الحالة: نشط
│  التشفير: a447a7f8e0171d76...
└─────────────────────────────────────┘
        
[CODE #562] - 2026-08-13 19:58:53
┌─────────────────────────────────────┐
│  كود: KNATRI-EZT1-SWB9
│  إنشاء: 2026-08-13T19:58:53.097436
│  انتهاء: 2026-08-14T19:58:53.097436
│  الحالة: نشط
│  التشفير: 8e0c87e76a214970...
└─────────────────────────────────────┘
        
[CODE #563] - 2026-08-13 19:58:53
┌─────────────────────────────────────┐
│  كود: KNATRI-EZE6-LS4U
│  إنشاء: 2026-08-13T19:58:53.097464
│  انتهاء: 2026-08-14T19:58:53.097464
│  الحالة: نشط
│  التشفير: d0fccf6789e8cd72...
└─────────────────────────────────────┘
        
[CODE #564] - 2026-08-13 19:58:53
┌─────────────────────────────────────┐
│  كود: KNATRI-A6KR-HXTD
│  إنشاء: 2026-08-13T19:58:53.097495
│  انتهاء: 2026-08-14T19:58:53.097495
│  الحالة: نشط
│  التشفير: 22467d444332e694...
└─────────────────────────────────────┘
        
[CODE #565] - 2026-08-13 19:58:53
┌─────────────────────────────────────┐
│  كود: KNATRI-BAPE-NJKN
│  إنشاء: 2026-08-13T19:58:53.097521
│  انتهاء: 2026-08-14T19:58:53.097521
│  الحالة: نشط
│  التشفير: 20252e4710c94749...
└─────────────────────────────────────┘
        
[CODE #566] - 2026-08-13 19:58:53
┌─────────────────────────────────────┐
│  كود: KNATRI-QM3D-6L9D
│  إنشاء: 2026-08-13T19:58:53.097553
│  انتهاء: 2026-08-14T19:58:53.097553
│  الحالة: نشط
│  التشفير: 8de02d3119918979...
└─────────────────────────────────────┘
        
[CODE #567] - 2026-08-13 19:58:53
┌─────────────────────────────────────┐
│  كود: KNATRI-JTDB-9AKM
│  إنشاء: 2026-08-13T19:58:53.097580
│  انتهاء: 2026-08-14T19:58:53.097580
│  الحالة: نشط
│  التشفير: dd4bab4803b66a6c...
└─────────────────────────────────────┘
        
[CODE #568] - 2026-08-13 19:58:53
┌─────────────────────────────────────┐
│  كود: KNATRI-Z24X-KSKH
│  إنشاء: 2026-08-13T19:58:53.097605
│  انتهاء: 2026-08-14T19:58:53.097605
│  الحالة: نشط
│  التشفير: 04175b89f98c5b83...
└─────────────────────────────────────┘
        
[CODE #569] - 2026-08-13 19:58:53
┌─────────────────────────────────────┐
│  كود: KNATRI-0L9Y-1H8F
│  إنشاء: 2026-08-13T19:58:53.097630
│  انتهاء: 2026-08-14T19:58:53.097630
│  الحالة: نشط
│  التشفير: 3c705e57dc3619fc...
└─────────────────────────────────────┘
        
[CODE #570] - 2026-08-13 19:58:53
┌─────────────────────────────────────┐
│  كود: KNATRI-GR0D-2ZD0
│  إنشاء: 2026-08-13T19:58:53.097660
│  انتهاء: 2026-08-14T19:58:53.097660
│  الحالة: نشط
│  التشفير: 32e5d6a3707a3db7...
└─────────────────────────────────────┘
        
[CODE #571] - 2026-08-13 19:58:53
┌─────────────────────────────────────┐
│  كود: KNATRI-8QNC-BFOF
│  إنشاء: 2026-08-13T19:58:53.097684
│  انتهاء: 2026-08-14T19:58:53.097684
│  الحالة: نشط
│  التشفير: c772845760c8a21f...
└─────────────────────────────────────┘
        
[CODE #572] - 2026-08-13 19:58:53
┌─────────────────────────────────────┐
│  كود: KNATRI-J1QO-0W4I
│  إنشاء: 2026-08-13T19:58:53.097713
│  انتهاء: 2026-08-14T19:58:53.097713
│  الحالة: نشط
│  التشفير: 611349808da8dc58...
└─────────────────────────────────────┘
        
[CODE #573] - 2026-08-13 19:58:53
┌─────────────────────────────────────┐
│  كود: KNATRI-L0TL-TKYW
│  إنشاء: 2026-08-13T19:58:53.097744
│  انتهاء: 2026-08-14T19:58:53.097744
│  الحالة: نشط
│  التشفير: c7dcfc2bf8b6c661...
└─────────────────────────────────────┘
        
[CODE #574] - 2026-08-13 19:58:53
┌─────────────────────────────────────┐
│  كود: KNATRI-AUBQ-51R1
│  إنشاء: 2026-08-13T19:58:53.097770
│  انتهاء: 2026-08-14T19:58:53.097770
│  الحالة: نشط
│  التشفير: 97abbb1509edce48...
└─────────────────────────────────────┘
        
[CODE #575] - 2026-08-13 19:58:53
┌─────────────────────────────────────┐
│  كود: KNATRI-I2Z5-XRAZ
│  إنشاء: 2026-08-13T19:58:53.097796
│  انتهاء: 2026-08-14T19:58:53.097796
│  الحالة: نشط
│  التشفير: 1e8be16ce4e7af74...
└─────────────────────────────────────┘
        
[CODE #576] - 2026-08-13 19:58:53
┌─────────────────────────────────────┐
│  كود: KNATRI-11FB-YQAT
│  إنشاء: 2026-08-13T19:58:53.097823
│  انتهاء: 2026-08-14T19:58:53.097823
│  الحالة: نشط
│  التشفير: 7d23e57961c2cfda...
└─────────────────────────────────────┘
        
[CODE #577] - 2026-08-13 19:58:53
┌─────────────────────────────────────┐
│  كود: KNATRI-9J5N-JIKV
│  إنشاء: 2026-08-13T19:58:53.097850
│  انتهاء: 2026-08-14T19:58:53.097850
│  الحالة: نشط
│  التشفير: 5678b96fa573d7bc...
└─────────────────────────────────────┘
        
[CODE #578] - 2026-08-13 19:58:53
┌─────────────────────────────────────┐
│  كود: KNATRI-T5NA-KTID
│  إنشاء: 2026-08-13T19:58:53.097876
│  انتهاء: 2026-08-14T19:58:53.097876
│  الحالة: نشط
│  التشفير: b81f0b520a05f80a...
└─────────────────────────────────────┘
        
[CODE #579] - 2026-08-13 19:58:53
┌─────────────────────────────────────┐
│  كود: KNATRI-TGYQ-X4HV
│  إنشاء: 2026-08-13T19:58:53.097902
│  انتهاء: 2026-08-14T19:58:53.097902
│  الحالة: نشط
│  التشفير: 77ba46e60a05ff07...
└─────────────────────────────────────┘
        
[CODE #580] - 2026-08-13 19:58:53
┌─────────────────────────────────────┐
│  كود: KNATRI-NT42-RWA6
│  إنشاء: 2026-08-13T19:58:53.097927
│  انتهاء: 2026-08-14T19:58:53.097927
│  الحالة: نشط
│  التشفير: 6921ed04a8aec6bc...
└─────────────────────────────────────┘
        
[CODE #581] - 2026-08-13 19:58:53
┌─────────────────────────────────────┐
│  كود: KNATRI-M7E3-5K90
│  إنشاء: 2026-08-13T19:58:53.097950
│  انتهاء: 2026-08-14T19:58:53.097950
│  الحالة: نشط
│  التشفير: 2234bdd11b71573b...
└─────────────────────────────────────┘
        
[CODE #582] - 2026-08-13 19:58:53
┌─────────────────────────────────────┐
│  كود: KNATRI-FFGM-MO6N
│  إنشاء: 2026-08-13T19:58:53.097978
│  انتهاء: 2026-08-14T19:58:53.097978
│  الحالة: نشط
│  التشفير: 3109c90da6aa67e9...
└─────────────────────────────────────┘
        
[CODE #583] - 2026-08-13 19:58:53
┌─────────────────────────────────────┐
│  كود: KNATRI-97GF-01F2
│  إنشاء: 2026-08-13T19:58:53.098005
│  انتهاء: 2026-08-14T19:58:53.098005
│  الحالة: نشط
│  التشفير: 69591a03771e30ac...
└─────────────────────────────────────┘
        
[CODE #584] - 2026-08-13 19:58:53
┌─────────────────────────────────────┐
│  كود: KNATRI-N1SM-SF1O
│  إنشاء: 2026-08-13T19:58:53.098031
│  انتهاء: 2026-08-14T19:58:53.098031
│  الحالة: نشط
│  التشفير: c233eacd8501bf2a...
└─────────────────────────────────────┘
        
[CODE #585] - 2026-08-13 19:58:53
┌─────────────────────────────────────┐
│  كود: KNATRI-IHOI-IGIU
│  إنشاء: 2026-08-13T19:58:53.098061
│  انتهاء: 2026-08-14T19:58:53.098061
│  الحالة: نشط
│  التشفير: 659127320076f7af...
└─────────────────────────────────────┘
        
[CODE #586] - 2026-08-13 19:58:53
┌─────────────────────────────────────┐
│  كود: KNATRI-PPNK-KDMP
│  إنشاء: 2026-08-13T19:58:53.098086
│  انتهاء: 2026-08-14T19:58:53.098086
│  الحالة: نشط
│  التشفير: 729a77d7a89709e0...
└─────────────────────────────────────┘
        
[CODE #587] - 2026-08-13 19:58:53
┌─────────────────────────────────────┐
│  كود: KNATRI-7AAC-ASBK
│  إنشاء: 2026-08-13T19:58:53.098113
│  انتهاء: 2026-08-14T19:58:53.098113
│  الحالة: نشط
│  التشفير: a3f9b344541c50b1...
└─────────────────────────────────────┘
        
[CODE #588] - 2026-08-13 19:58:53
┌─────────────────────────────────────┐
│  كود: KNATRI-LVO9-M9ED
│  إنشاء: 2026-08-13T19:58:53.098139
│  انتهاء: 2026-08-14T19:58:53.098139
│  الحالة: نشط
│  التشفير: fb4d14b79894ad9e...
└─────────────────────────────────────┘
        
[CODE #589] - 2026-08-13 19:58:53
┌─────────────────────────────────────┐
│  كود: KNATRI-CR22-HY3B
│  إنشاء: 2026-08-13T19:58:53.098163
│  انتهاء: 2026-08-14T19:58:53.098163
│  الحالة: نشط
│  التشفير: d66ed25db1b30c03...
└─────────────────────────────────────┘
        
[CODE #590] - 2026-08-13 19:58:53
┌─────────────────────────────────────┐
│  كود: KNATRI-X1CB-7F3H
│  إنشاء: 2026-08-13T19:58:53.098189
│  انتهاء: 2026-08-14T19:58:53.098189
│  الحالة: نشط
│  التشفير: 31e64d5472876231...
└─────────────────────────────────────┘
        
[CODE #591] - 2026-08-13 19:58:53
┌─────────────────────────────────────┐
│  كود: KNATRI-ZT4L-6AJ6
│  إنشاء: 2026-08-13T19:58:53.098221
│  انتهاء: 2026-08-14T19:58:53.098221
│  الحالة: نشط
│  التشفير: 66b376397380fc49...
└─────────────────────────────────────┘
        
[CODE #592] - 2026-08-13 19:58:53
┌─────────────────────────────────────┐
│  كود: KNATRI-MA1Z-NGPW
│  إنشاء: 2026-08-13T19:58:53.098245
│  انتهاء: 2026-08-14T19:58:53.098245
│  الحالة: نشط
│  التشفير: d3dbb24272ab974f...
└─────────────────────────────────────┘
        
[CODE #593] - 2026-08-13 19:58:53
┌─────────────────────────────────────┐
│  كود: KNATRI-HEE0-S8N5
│  إنشاء: 2026-08-13T19:58:53.098270
│  انتهاء: 2026-08-14T19:58:53.098270
│  الحالة: نشط
│  التشفير: da8bc3880df07b69...
└─────────────────────────────────────┘
        
[CODE #594] - 2026-08-13 19:58:53
┌─────────────────────────────────────┐
│  كود: KNATRI-HLQX-P2QA
│  إنشاء: 2026-08-13T19:58:53.098295
│  انتهاء: 2026-08-14T19:58:53.098295
│  الحالة: نشط
│  التشفير: cd21816a40f4b0d2...
└─────────────────────────────────────┘
        
[CODE #595] - 2026-08-13 19:58:53
┌─────────────────────────────────────┐
│  كود: KNATRI-VIGN-VWBV
│  إنشاء: 2026-08-13T19:58:53.098321
│  انتهاء: 2026-08-14T19:58:53.098321
│  الحالة: نشط
│  التشفير: ea633f042a834530...
└─────────────────────────────────────┘
        
[CODE #596] - 2026-08-13 19:58:53
┌─────────────────────────────────────┐
│  كود: KNATRI-0704-LL1C
│  إنشاء: 2026-08-13T19:58:53.098345
│  انتهاء: 2026-08-14T19:58:53.098345
│  الحالة: نشط
│  التشفير: ca866613c9030d4c...
└─────────────────────────────────────┘
        
[CODE #597] - 2026-08-13 19:58:53
┌─────────────────────────────────────┐
│  كود: KNATRI-AX3V-ER0P
│  إنشاء: 2026-08-13T19:58:53.098374
│  انتهاء: 2026-08-14T19:58:53.098374
│  الحالة: نشط
│  التشفير: ed39d194f1c3de8d...
└─────────────────────────────────────┘
        
[CODE #598] - 2026-08-13 19:58:53
┌─────────────────────────────────────┐
│  كود: KNATRI-5SWC-L2KS
│  إنشاء: 2026-08-13T19:58:53.098401
│  انتهاء: 2026-08-14T19:58:53.098401
│  الحالة: نشط
│  التشفير: ca9402f4d03d4629...
└─────────────────────────────────────┘
        
[CODE #599] - 2026-08-13 19:58:53
┌─────────────────────────────────────┐
│  كود: KNATRI-1O27-KK7V
│  إنشاء: 2026-08-13T19:58:53.098428
│  انتهاء: 2026-08-14T19:58:53.098428
│  الحالة: نشط
│  التشفير: 53749b00cd21f15a...
└─────────────────────────────────────┘
        
[CODE #600] - 2026-08-13 19:58:53
┌─────────────────────────────────────┐
│  كود: KNATRI-Y9NV-0XC9
│  إنشاء: 2026-08-13T19:58:53.098455
│  انتهاء: 2026-08-14T19:58:53.098455
│  الحالة: نشط
│  التشفير: 0ef1fbd971bebf7e...
└─────────────────────────────────────┘
        
[CODE #601] - 2026-08-13 19:58:53
┌─────────────────────────────────────┐
│  كود: KNATRI-KN2S-5FIR
│  إنشاء: 2026-08-13T19:58:53.098479
│  انتهاء: 2026-08-14T19:58:53.098479
│  الحالة: نشط
│  التشفير: 101deeff8a0a5a76...
└─────────────────────────────────────┘
        
[CODE #602] - 2026-08-13 19:58:53
┌─────────────────────────────────────┐
│  كود: KNATRI-L3DI-INEF
│  إنشاء: 2026-08-13T19:58:53.098504
│  انتهاء: 2026-08-14T19:58:53.098504
│  الحالة: نشط
│  التشفير: 622a9b7af04198dd...
└─────────────────────────────────────┘
        
[CODE #603] - 2026-08-13 19:58:53
┌─────────────────────────────────────┐
│  كود: KNATRI-TTBT-KLNC
│  إنشاء: 2026-08-13T19:58:53.098533
│  انتهاء: 2026-08-14T19:58:53.098533
│  الحالة: نشط
│  التشفير: 14eab98807d048bb...
└─────────────────────────────────────┘
        
[CODE #604] - 2026-08-13 19:58:53
┌─────────────────────────────────────┐
│  كود: KNATRI-11IA-NX2H
│  إنشاء: 2026-08-13T19:58:53.098563
│  انتهاء: 2026-08-14T19:58:53.098563
│  الحالة: نشط
│  التشفير: 2026bfb8714d0a78...
└─────────────────────────────────────┘
        
[CODE #605] - 2026-08-13 19:58:53
┌─────────────────────────────────────┐
│  كود: KNATRI-2EK1-B34T
│  إنشاء: 2026-08-13T19:58:53.098588
│  انتهاء: 2026-08-14T19:58:53.098588
│  الحالة: نشط
│  التشفير: 04515800e0a281b5...
└─────────────────────────────────────┘
        
[CODE #606] - 2026-08-13 19:58:53
┌─────────────────────────────────────┐
│  كود: KNATRI-XHYN-JLDX
│  إنشاء: 2026-08-13T19:58:53.098616
│  انتهاء: 2026-08-14T19:58:53.098616
│  الحالة: نشط
│  التشفير: 07363667df59463b...
└─────────────────────────────────────┘
        
[CODE #607] - 2026-08-13 19:58:53
┌─────────────────────────────────────┐
│  كود: KNATRI-4W26-UZOV
│  إنشاء: 2026-08-13T19:58:53.098639
│  انتهاء: 2026-08-14T19:58:53.098639
│  الحالة: نشط
│  التشفير: a712381bf1944b96...
└─────────────────────────────────────┘
        
[CODE #608] - 2026-08-13 19:58:53
┌─────────────────────────────────────┐
│  كود: KNATRI-JHMC-GCLD
│  إنشاء: 2026-08-13T19:58:53.098670
│  انتهاء: 2026-08-14T19:58:53.098670
│  الحالة: نشط
│  التشفير: 1b1aadd7916f7bc8...
└─────────────────────────────────────┘
        
[CODE #609] - 2026-08-13 19:58:53
┌─────────────────────────────────────┐
│  كود: KNATRI-MTZM-GBDF
│  إنشاء: 2026-08-13T19:58:53.098694
│  انتهاء: 2026-08-14T19:58:53.098694
│  الحالة: نشط
│  التشفير: 579a8959a4af8169...
└─────────────────────────────────────┘
        
[CODE #610] - 2026-08-13 19:58:53
┌─────────────────────────────────────┐
│  كود: KNATRI-EUW5-JMY7
│  إنشاء: 2026-08-13T19:58:53.098718
│  انتهاء: 2026-08-14T19:58:53.098718
│  الحالة: نشط
│  التشفير: 4552f09e178a2ebf...
└─────────────────────────────────────┘
        
[CODE #611] - 2026-08-13 19:58:53
┌─────────────────────────────────────┐
│  كود: KNATRI-ZT0Q-MP6K
│  إنشاء: 2026-08-13T19:58:53.098743
│  انتهاء: 2026-08-14T19:58:53.098743
│  الحالة: نشط
│  التشفير: 5de8b0eb9cae3a7f...
└─────────────────────────────────────┘
        
[CODE #612] - 2026-08-13 19:58:53
┌─────────────────────────────────────┐
│  كود: KNATRI-K93X-FRCB
│  إنشاء: 2026-08-13T19:58:53.098773
│  انتهاء: 2026-08-14T19:58:53.098773
│  الحالة: نشط
│  التشفير: 1483a91942aef15a...
└─────────────────────────────────────┘
        
[CODE #613] - 2026-08-13 19:58:53
┌─────────────────────────────────────┐
│  كود: KNATRI-9LH4-6AT6
│  إنشاء: 2026-08-13T19:58:53.098801
│  انتهاء: 2026-08-14T19:58:53.098801
│  الحالة: نشط
│  التشفير: 0277db7bf911e1c4...
└─────────────────────────────────────┘
        
[CODE #614] - 2026-08-13 19:58:53
┌─────────────────────────────────────┐
│  كود: KNATRI-QO63-FE9W
│  إنشاء: 2026-08-13T19:58:53.098825
│  انتهاء: 2026-08-14T19:58:53.098825
│  الحالة: نشط
│  التشفير: 04bbebfbbb2b0a0c...
└─────────────────────────────────────┘
        
[CODE #615] - 2026-08-13 19:58:53
┌─────────────────────────────────────┐
│  كود: KNATRI-WIYZ-IXXD
│  إنشاء: 2026-08-13T19:58:53.098851
│  انتهاء: 2026-08-14T19:58:53.098851
│  الحالة: نشط
│  التشفير: 21dd4758ec208092...
└─────────────────────────────────────┘
        
[CODE #616] - 2026-08-13 19:58:53
┌─────────────────────────────────────┐
│  كود: KNATRI-T1J7-2AK3
│  إنشاء: 2026-08-13T19:58:53.098883
│  انتهاء: 2026-08-14T19:58:53.098883
│  الحالة: نشط
│  التشفير: de328d3981166fa0...
└─────────────────────────────────────┘
        
[CODE #617] - 2026-08-13 19:58:53
┌─────────────────────────────────────┐
│  كود: KNATRI-650W-GSXB
│  إنشاء: 2026-08-13T19:58:53.098911
│  انتهاء: 2026-08-14T19:58:53.098911
│  الحالة: نشط
│  التشفير: b75035f3d078b5b3...
└─────────────────────────────────────┘
        
[CODE #618] - 2026-08-13 19:58:53
┌─────────────────────────────────────┐
│  كود: KNATRI-RBUJ-PNHQ
│  إنشاء: 2026-08-13T19:58:53.098937
│  انتهاء: 2026-08-14T19:58:53.098937
│  الحالة: نشط
│  التشفير: 51b162148136736c...
└─────────────────────────────────────┘
        
[CODE #619] - 2026-08-13 19:58:53
┌─────────────────────────────────────┐
│  كود: KNATRI-M9YG-Y7G3
│  إنشاء: 2026-08-13T19:58:53.098962
│  انتهاء: 2026-08-14T19:58:53.098962
│  الحالة: نشط
│  التشفير: d6960132c05aa3d3...
└─────────────────────────────────────┘
        
[CODE #620] - 2026-08-13 19:58:53
┌─────────────────────────────────────┐
│  كود: KNATRI-8COD-6H32
│  إنشاء: 2026-08-13T19:58:53.098989
│  انتهاء: 2026-08-14T19:58:53.098989
│  الحالة: نشط
│  التشفير: 87588545b027fd68...
└─────────────────────────────────────┘
        
[CODE #621] - 2026-08-13 19:58:53
┌─────────────────────────────────────┐
│  كود: KNATRI-WG16-SZ6I
│  إنشاء: 2026-08-13T19:58:53.099014
│  انتهاء: 2026-08-14T19:58:53.099014
│  الحالة: نشط
│  التشفير: 8a489f204a614a6e...
└─────────────────────────────────────┘
        
[CODE #622] - 2026-08-13 19:58:53
┌─────────────────────────────────────┐
│  كود: KNATRI-P3H0-VGZU
│  إنشاء: 2026-08-13T19:58:53.099039
│  انتهاء: 2026-08-14T19:58:53.099039
│  الحالة: نشط
│  التشفير: 9c32dfd2833dc69e...
└─────────────────────────────────────┘
        
[CODE #623] - 2026-08-13 19:58:53
┌─────────────────────────────────────┐
│  كود: KNATRI-3X0F-GAO6
│  إنشاء: 2026-08-13T19:58:53.099065
│  انتهاء: 2026-08-14T19:58:53.099065
│  الحالة: نشط
│  التشفير: cf5f0898e083ae56...
└─────────────────────────────────────┘
        
[CODE #624] - 2026-08-13 19:58:53
┌─────────────────────────────────────┐
│  كود: KNATRI-MKJ4-FO6F
│  إنشاء: 2026-08-13T19:58:53.099092
│  انتهاء: 2026-08-14T19:58:53.099092
│  الحالة: نشط
│  التشفير: 6ac56dfcdf73b4b7...
└─────────────────────────────────────┘
        
[CODE #625] - 2026-08-13 19:58:53
┌─────────────────────────────────────┐
│  كود: KNATRI-7YCH-Z49H
│  إنشاء: 2026-08-13T19:58:53.099120
│  انتهاء: 2026-08-14T19:58:53.099120
│  الحالة: نشط
│  التشفير: 7e2bd8b538934945...
└─────────────────────────────────────┘
        
[CODE #626] - 2026-08-13 19:58:53
┌─────────────────────────────────────┐
│  كود: KNATRI-PZ56-QGAW
│  إنشاء: 2026-08-13T19:58:53.099148
│  انتهاء: 2026-08-14T19:58:53.099148
│  الحالة: نشط
│  التشفير: d2a3a8b65c7db7ba...
└─────────────────────────────────────┘
        
[CODE #627] - 2026-08-13 19:58:53
┌─────────────────────────────────────┐
│  كود: KNATRI-CUA1-T1L3
│  إنشاء: 2026-08-13T19:58:53.099171
│  انتهاء: 2026-08-14T19:58:53.099171
│  الحالة: نشط
│  التشفير: de9d12e1d9bc485a...
└─────────────────────────────────────┘
        
[CODE #628] - 2026-08-13 19:58:53
┌─────────────────────────────────────┐
│  كود: KNATRI-23G7-OIJ2
│  إنشاء: 2026-08-13T19:58:53.099196
│  انتهاء: 2026-08-14T19:58:53.099196
│  الحالة: نشط
│  التشفير: 1e3a74c2fead251d...
└─────────────────────────────────────┘
        
[CODE #629] - 2026-08-13 19:58:53
┌─────────────────────────────────────┐
│  كود: KNATRI-W9P3-VPQD
│  إنشاء: 2026-08-13T19:58:53.099221
│  انتهاء: 2026-08-14T19:58:53.099221
│  الحالة: نشط
│  التشفير: a72bd67ea7d8135b...
└─────────────────────────────────────┘
        
[CODE #630] - 2026-08-13 19:58:53
┌─────────────────────────────────────┐
│  كود: KNATRI-YXVK-UBHT
│  إنشاء: 2026-08-13T19:58:53.099247
│  انتهاء: 2026-08-14T19:58:53.099247
│  الحالة: نشط
│  التشفير: 8efff2f6f97a76ae...
└─────────────────────────────────────┘
        
[CODE #631] - 2026-08-13 19:58:53
┌─────────────────────────────────────┐
│  كود: KNATRI-D2U8-I15Z
│  إنشاء: 2026-08-13T19:58:53.099270
│  انتهاء: 2026-08-14T19:58:53.099270
│  الحالة: نشط
│  التشفير: 38b78ac56ce6761a...
└─────────────────────────────────────┘
        
[CODE #632] - 2026-08-13 19:58:53
┌─────────────────────────────────────┐
│  كود: KNATRI-XU0M-AXPB
│  إنشاء: 2026-08-13T19:58:53.099293
│  انتهاء: 2026-08-14T19:58:53.099293
│  الحالة: نشط
│  التشفير: 35e3b38f13635095...
└─────────────────────────────────────┘
        
[CODE #633] - 2026-08-13 19:58:53
┌─────────────────────────────────────┐
│  كود: KNATRI-J274-TT0I
│  إنشاء: 2026-08-13T19:58:53.099317
│  انتهاء: 2026-08-14T19:58:53.099317
│  الحالة: نشط
│  التشفير: e64622661df9d747...
└─────────────────────────────────────┘
        
[CODE #634] - 2026-08-13 19:58:53
┌─────────────────────────────────────┐
│  كود: KNATRI-P3I3-P4L2
│  إنشاء: 2026-08-13T19:58:53.099343
│  انتهاء: 2026-08-14T19:58:53.099343
│  الحالة: نشط
│  التشفير: 17b6b21fd0dab815...
└─────────────────────────────────────┘
        
[CODE #635] - 2026-08-13 19:58:53
┌─────────────────────────────────────┐
│  كود: KNATRI-IUC3-R4N5
│  إنشاء: 2026-08-13T19:58:53.099370
│  انتهاء: 2026-08-14T19:58:53.099370
│  الحالة: نشط
│  التشفير: 4880671dadf00c04...
└─────────────────────────────────────┘
        
[CODE #636] - 2026-08-13 19:58:53
┌─────────────────────────────────────┐
│  كود: KNATRI-YHUX-282Q
│  إنشاء: 2026-08-13T19:58:53.099397
│  انتهاء: 2026-08-14T19:58:53.099397
│  الحالة: نشط
│  التشفير: dc709a36b49893c0...
└─────────────────────────────────────┘
        
[CODE #637] - 2026-08-13 19:58:53
┌─────────────────────────────────────┐
│  كود: KNATRI-ATZ5-4584
│  إنشاء: 2026-08-13T19:58:53.099421
│  انتهاء: 2026-08-14T19:58:53.099421
│  الحالة: نشط
│  التشفير: c2982c8f5e285cdf...
└─────────────────────────────────────┘
        
[CODE #638] - 2026-08-13 19:58:53
┌─────────────────────────────────────┐
│  كود: KNATRI-TMVX-RYTZ
│  إنشاء: 2026-08-13T19:58:53.099444
│  انتهاء: 2026-08-14T19:58:53.099444
│  الحالة: نشط
│  التشفير: 16810c40da7afdfa...
└─────────────────────────────────────┘
        
[CODE #639] - 2026-08-13 19:58:53
┌─────────────────────────────────────┐
│  كود: KNATRI-UFB9-9A6Q
│  إنشاء: 2026-08-13T19:58:53.099471
│  انتهاء: 2026-08-14T19:58:53.099471
│  الحالة: نشط
│  التشفير: 6137cdbe1bca1f0c...
└─────────────────────────────────────┘
        
[CODE #640] - 2026-08-13 19:58:53
┌─────────────────────────────────────┐
│  كود: KNATRI-V0G5-J5AK
│  إنشاء: 2026-08-13T19:58:53.099498
│  انتهاء: 2026-08-14T19:58:53.099498
│  الحالة: نشط
│  التشفير: 1e5e2ab3285bdefe...
└─────────────────────────────────────┘
        
[CODE #641] - 2026-08-13 19:58:53
┌─────────────────────────────────────┐
│  كود: KNATRI-L5FJ-3YFS
│  إنشاء: 2026-08-13T19:58:53.099523
│  انتهاء: 2026-08-14T19:58:53.099523
│  الحالة: نشط
│  التشفير: 859d01184d80ce0e...
└─────────────────────────────────────┘
        
[CODE #642] - 2026-08-13 19:58:53
┌─────────────────────────────────────┐
│  كود: KNATRI-ZTRW-WT3O
│  إنشاء: 2026-08-13T19:58:53.099557
│  انتهاء: 2026-08-14T19:58:53.099557
│  الحالة: نشط
│  التشفير: 8403fdd63ec62ee7...
└─────────────────────────────────────┘
        
[CODE #643] - 2026-08-13 19:58:53
┌─────────────────────────────────────┐
│  كود: KNATRI-G4UQ-8FYT
│  إنشاء: 2026-08-13T19:58:53.099591
│  انتهاء: 2026-08-14T19:58:53.099591
│  الحالة: نشط
│  التشفير: e05c95c826948b25...
└─────────────────────────────────────┘
        
[CODE #644] - 2026-08-13 19:58:53
┌─────────────────────────────────────┐
│  كود: KNATRI-NJIS-LT3E
│  إنشاء: 2026-08-13T19:58:53.099617
│  انتهاء: 2026-08-14T19:58:53.099617
│  الحالة: نشط
│  التشفير: eac82dd76ff24524...
└─────────────────────────────────────┘
        
[CODE #645] - 2026-08-13 19:58:53
┌─────────────────────────────────────┐
│  كود: KNATRI-3NKJ-L7HJ
│  إنشاء: 2026-08-13T19:58:53.099642
│  انتهاء: 2026-08-14T19:58:53.099642
│  الحالة: نشط
│  التشفير: 8e919068dfb72fb2...
└─────────────────────────────────────┘
        
[CODE #646] - 2026-08-13 19:58:53
┌─────────────────────────────────────┐
│  كود: KNATRI-0VGJ-71QS
│  إنشاء: 2026-08-13T19:58:53.099669
│  انتهاء: 2026-08-14T19:58:53.099669
│  الحالة: نشط
│  التشفير: 629f4ca0f3c3b5c3...
└─────────────────────────────────────┘
        
[CODE #647] - 2026-08-13 19:58:53
┌─────────────────────────────────────┐
│  كود: KNATRI-KP8O-WK3H
│  إنشاء: 2026-08-13T19:58:53.099694
│  انتهاء: 2026-08-14T19:58:53.099694
│  الحالة: نشط
│  التشفير: 0e117ec7d64c2c86...
└─────────────────────────────────────┘
        
[CODE #648] - 2026-08-13 19:58:53
┌─────────────────────────────────────┐
│  كود: KNATRI-NMWJ-Y15Z
│  إنشاء: 2026-08-13T19:58:53.099719
│  انتهاء: 2026-08-14T19:58:53.099719
│  الحالة: نشط
│  التشفير: 60900e07048d7c36...
└─────────────────────────────────────┘
        
[CODE #649] - 2026-08-13 19:58:53
┌─────────────────────────────────────┐
│  كود: KNATRI-02ZL-Y8SB
│  إنشاء: 2026-08-13T19:58:53.099751
│  انتهاء: 2026-08-14T19:58:53.099751
│  الحالة: نشط
│  التشفير: a840cfa3647a9bc9...
└─────────────────────────────────────┘
        
[CODE #650] - 2026-08-13 19:58:53
┌─────────────────────────────────────┐
│  كود: KNATRI-41LT-2ZLQ
│  إنشاء: 2026-08-13T19:58:53.099777
│  انتهاء: 2026-08-14T19:58:53.099777
│  الحالة: نشط
│  التشفير: 6a6051a37ec8c28c...
└─────────────────────────────────────┘
        
[CODE #651] - 2026-08-13 19:58:53
┌─────────────────────────────────────┐
│  كود: KNATRI-E21D-M39I
│  إنشاء: 2026-08-13T19:58:53.099803
│  انتهاء: 2026-08-14T19:58:53.099803
│  الحالة: نشط
│  التشفير: 8e0da4d7d968f661...
└─────────────────────────────────────┘
        
[CODE #652] - 2026-08-13 19:58:53
┌─────────────────────────────────────┐
│  كود: KNATRI-0O0F-U8LC
│  إنشاء: 2026-08-13T19:58:53.099835
│  انتهاء: 2026-08-14T19:58:53.099835
│  الحالة: نشط
│  التشفير: c0a968813f2d21b9...
└─────────────────────────────────────┘
        
[CODE #653] - 2026-08-13 19:58:53
┌─────────────────────────────────────┐
│  كود: KNATRI-RMN5-FIXV
│  إنشاء: 2026-08-13T19:58:53.099862
│  انتهاء: 2026-08-14T19:58:53.099862
│  الحالة: نشط
│  التشفير: 5bf4687be435ad9d...
└─────────────────────────────────────┘
        
[CODE #654] - 2026-08-13 19:58:53
┌─────────────────────────────────────┐
│  كود: KNATRI-C37Y-2L1N
│  إنشاء: 2026-08-13T19:58:53.099889
│  انتهاء: 2026-08-14T19:58:53.099889
│  الحالة: نشط
│  التشفير: f80f10d1f6e08908...
└─────────────────────────────────────┘
        
[CODE #655] - 2026-08-13 19:58:53
┌─────────────────────────────────────┐
│  كود: KNATRI-XIR0-3357
│  إنشاء: 2026-08-13T19:58:53.099915
│  انتهاء: 2026-08-14T19:58:53.099915
│  الحالة: نشط
│  التشفير: 7060a1a9e3cedeb7...
└─────────────────────────────────────┘
        
[CODE #656] - 2026-08-13 19:58:53
┌─────────────────────────────────────┐
│  كود: KNATRI-YD8Z-ZXXL
│  إنشاء: 2026-08-13T19:58:53.099940
│  انتهاء: 2026-08-14T19:58:53.099940
│  الحالة: نشط
│  التشفير: a1080582411d3a95...
└─────────────────────────────────────┘
        
[CODE #657] - 2026-08-13 19:58:53
┌─────────────────────────────────────┐
│  كود: KNATRI-68V8-EAR3
│  إنشاء: 2026-08-13T19:58:53.099965
│  انتهاء: 2026-08-14T19:58:53.099965
│  الحالة: نشط
│  التشفير: 385d393d9261ff45...
└─────────────────────────────────────┘
        
[CODE #658] - 2026-08-13 19:58:53
┌─────────────────────────────────────┐
│  كود: KNATRI-PWTU-VU09
│  إنشاء: 2026-08-13T19:58:53.099993
│  انتهاء: 2026-08-14T19:58:53.099993
│  الحالة: نشط
│  التشفير: db7b43f51d864391...
└─────────────────────────────────────┘
        
[CODE #659] - 2026-08-13 19:58:53
┌─────────────────────────────────────┐
│  كود: KNATRI-FE34-NNU7
│  إنشاء: 2026-08-13T19:58:53.100020
│  انتهاء: 2026-08-14T19:58:53.100020
│  الحالة: نشط
│  التشفير: d99ed677446568af...
└─────────────────────────────────────┘
        
[CODE #660] - 2026-08-13 19:58:53
┌─────────────────────────────────────┐
│  كود: KNATRI-UGJT-1UF4
│  إنشاء: 2026-08-13T19:58:53.100048
│  انتهاء: 2026-08-14T19:58:53.100048
│  الحالة: نشط
│  التشفير: 9c73a6095a97eaaa...
└─────────────────────────────────────┘
        
[CODE #661] - 2026-08-13 19:58:53
┌─────────────────────────────────────┐
│  كود: KNATRI-PBGK-G7E2
│  إنشاء: 2026-08-13T19:58:53.100076
│  انتهاء: 2026-08-14T19:58:53.100076
│  الحالة: نشط
│  التشفير: ae25f8de5e6cb158...
└─────────────────────────────────────┘
        
[CODE #662] - 2026-08-13 19:58:53
┌─────────────────────────────────────┐
│  كود: KNATRI-FYIY-LZZU
│  إنشاء: 2026-08-13T19:58:53.100101
│  انتهاء: 2026-08-14T19:58:53.100101
│  الحالة: نشط
│  التشفير: 45c825e5a293ce24...
└─────────────────────────────────────┘
        
[CODE #663] - 2026-08-13 19:58:53
┌─────────────────────────────────────┐
│  كود: KNATRI-U24O-3SEL
│  إنشاء: 2026-08-13T19:58:53.100125
│  انتهاء: 2026-08-14T19:58:53.100125
│  الحالة: نشط
│  التشفير: fd2c7acb3ac71017...
└─────────────────────────────────────┘
        
[CODE #664] - 2026-08-13 19:58:53
┌─────────────────────────────────────┐
│  كود: KNATRI-HKN7-3TEQ
│  إنشاء: 2026-08-13T19:58:53.100148
│  انتهاء: 2026-08-14T19:58:53.100148
│  الحالة: نشط
│  التشفير: 5a92c1a272ffd7cc...
└─────────────────────────────────────┘
        
[CODE #665] - 2026-08-13 19:58:53
┌─────────────────────────────────────┐
│  كود: KNATRI-W53U-ELK1
│  إنشاء: 2026-08-13T19:58:53.100173
│  انتهاء: 2026-08-14T19:58:53.100173
│  الحالة: نشط
│  التشفير: 5e4dc92f063f3c90...
└─────────────────────────────────────┘
        
[CODE #666] - 2026-08-13 19:58:53
┌─────────────────────────────────────┐
│  كود: KNATRI-7ZMK-ICYG
│  إنشاء: 2026-08-13T19:58:53.100199
│  انتهاء: 2026-08-14T19:58:53.100199
│  الحالة: نشط
│  التشفير: b6366479a50242de...
└─────────────────────────────────────┘
        
[CODE #667] - 2026-08-13 19:58:53
┌─────────────────────────────────────┐
│  كود: KNATRI-QN7M-WX3J
│  إنشاء: 2026-08-13T19:58:53.100229
│  انتهاء: 2026-08-14T19:58:53.100229
│  الحالة: نشط
│  التشفير: 3f2792a3520ed704...
└─────────────────────────────────────┘
        
[CODE #668] - 2026-08-13 19:58:53
┌─────────────────────────────────────┐
│  كود: KNATRI-EGAP-2ZE7
│  إنشاء: 2026-08-13T19:58:53.100252
│  انتهاء: 2026-08-14T19:58:53.100252
│  الحالة: نشط
│  التشفير: c5fdb703642d76e5...
└─────────────────────────────────────┘
        
[CODE #669] - 2026-08-13 19:58:53
┌─────────────────────────────────────┐
│  كود: KNATRI-A57X-0478
│  إنشاء: 2026-08-13T19:58:53.100283
│  انتهاء: 2026-08-14T19:58:53.100283
│  الحالة: نشط
│  التشفير: 32479b1efa4453ef...
└─────────────────────────────────────┘
        
[CODE #670] - 2026-08-13 19:58:53
┌─────────────────────────────────────┐
│  كود: KNATRI-9NYQ-EOPP
│  إنشاء: 2026-08-13T19:58:53.100312
│  انتهاء: 2026-08-14T19:58:53.100312
│  الحالة: نشط
│  التشفير: 84cf104010ee1390...
└─────────────────────────────────────┘
        
[CODE #671] - 2026-08-13 19:58:53
┌─────────────────────────────────────┐
│  كود: KNATRI-LIS7-4KME
│  إنشاء: 2026-08-13T19:58:53.100338
│  انتهاء: 2026-08-14T19:58:53.100338
│  الحالة: نشط
│  التشفير: 7b00909cc44b7968...
└─────────────────────────────────────┘
        
[CODE #672] - 2026-08-13 19:58:53
┌─────────────────────────────────────┐
│  كود: KNATRI-LB1C-UQFD
│  إنشاء: 2026-08-13T19:58:53.100365
│  انتهاء: 2026-08-14T19:58:53.100365
│  الحالة: نشط
│  التشفير: 1c8f720b268f7c5c...
└─────────────────────────────────────┘
        
[CODE #673] - 2026-08-13 19:58:53
┌─────────────────────────────────────┐
│  كود: KNATRI-2RFF-CZCG
│  إنشاء: 2026-08-13T19:58:53.100393
│  انتهاء: 2026-08-14T19:58:53.100393
│  الحالة: نشط
│  التشفير: 5c1a5e44d65c6857...
└─────────────────────────────────────┘
        
[CODE #674] - 2026-08-13 19:58:53
┌─────────────────────────────────────┐
│  كود: KNATRI-4JJP-MBSI
│  إنشاء: 2026-08-13T19:58:53.100421
│  انتهاء: 2026-08-14T19:58:53.100421
│  الحالة: نشط
│  التشفير: 583f917ce8fb5cbb...
└─────────────────────────────────────┘
        
[CODE #675] - 2026-08-13 19:58:53
┌─────────────────────────────────────┐
│  كود: KNATRI-1RYS-IFMD
│  إنشاء: 2026-08-13T19:58:53.100448
│  انتهاء: 2026-08-14T19:58:53.100448
│  الحالة: نشط
│  التشفير: e9f98064f110051f...
└─────────────────────────────────────┘
        
[CODE #676] - 2026-08-13 19:58:53
┌─────────────────────────────────────┐
│  كود: KNATRI-8RVY-5TI3
│  إنشاء: 2026-08-13T19:58:53.100478
│  انتهاء: 2026-08-14T19:58:53.100478
│  الحالة: نشط
│  التشفير: a668d9321c0049f3...
└─────────────────────────────────────┘
        
[CODE #677] - 2026-08-13 19:58:53
┌─────────────────────────────────────┐
│  كود: KNATRI-09X2-NDXJ
│  إنشاء: 2026-08-13T19:58:53.100505
│  انتهاء: 2026-08-14T19:58:53.100505
│  الحالة: نشط
│  التشفير: 7009f2caf3889d1f...
└─────────────────────────────────────┘
        
[CODE #678] - 2026-08-13 19:58:53
┌─────────────────────────────────────┐
│  كود: KNATRI-5RBJ-Z4HJ
│  إنشاء: 2026-08-13T19:58:53.100535
│  انتهاء: 2026-08-14T19:58:53.100535
│  الحالة: نشط
│  التشفير: bd09a299ef969cc5...
└─────────────────────────────────────┘
        
[CODE #679] - 2026-08-13 19:58:53
┌─────────────────────────────────────┐
│  كود: KNATRI-XCRH-TPMR
│  إنشاء: 2026-08-13T19:58:53.100568
│  انتهاء: 2026-08-14T19:58:53.100568
│  الحالة: نشط
│  التشفير: 6e8ff00c74884bff...
└─────────────────────────────────────┘
        
[CODE #680] - 2026-08-13 19:58:53
┌─────────────────────────────────────┐
│  كود: KNATRI-7RM5-GDH2
│  إنشاء: 2026-08-13T19:58:53.100592
│  انتهاء: 2026-08-14T19:58:53.100592
│  الحالة: نشط
│  التشفير: a8c29ea72e7f16b1...
└─────────────────────────────────────┘
        
[CODE #681] - 2026-08-13 19:58:53
┌─────────────────────────────────────┐
│  كود: KNATRI-D69Q-1KZN
│  إنشاء: 2026-08-13T19:58:53.100616
│  انتهاء: 2026-08-14T19:58:53.100616
│  الحالة: نشط
│  التشفير: 2b30ce1060612ffd...
└─────────────────────────────────────┘
        
[CODE #682] - 2026-08-13 19:58:53
┌─────────────────────────────────────┐
│  كود: KNATRI-EG3B-K86T
│  إنشاء: 2026-08-13T19:58:53.100641
│  انتهاء: 2026-08-14T19:58:53.100641
│  الحالة: نشط
│  التشفير: 69722bec03a787e2...
└─────────────────────────────────────┘
        
[CODE #683] - 2026-08-13 19:58:53
┌─────────────────────────────────────┐
│  كود: KNATRI-2ZGZ-5I2Q
│  إنشاء: 2026-08-13T19:58:53.100667
│  انتهاء: 2026-08-14T19:58:53.100667
│  الحالة: نشط
│  التشفير: c1732f1020a26a29...
└─────────────────────────────────────┘
        
[CODE #684] - 2026-08-13 19:58:53
┌─────────────────────────────────────┐
│  كود: KNATRI-XC2F-GKBH
│  إنشاء: 2026-08-13T19:58:53.100695
│  انتهاء: 2026-08-14T19:58:53.100695
│  الحالة: نشط
│  التشفير: 26e740461c92c1e9...
└─────────────────────────────────────┘
        
[CODE #685] - 2026-08-13 19:58:53
┌─────────────────────────────────────┐
│  كود: KNATRI-QTNJ-S8V4
│  إنشاء: 2026-08-13T19:58:53.100722
│  انتهاء: 2026-08-14T19:58:53.100722
│  الحالة: نشط
│  التشفير: 44961a742e1f19b1...
└─────────────────────────────────────┘
        
[CODE #686] - 2026-08-13 19:58:53
┌─────────────────────────────────────┐
│  كود: KNATRI-1BCO-TQ2E
│  إنشاء: 2026-08-13T19:58:53.100747
│  انتهاء: 2026-08-14T19:58:53.100747
│  الحالة: نشط
│  التشفير: 56ec9ad1ca6c4d07...
└─────────────────────────────────────┘
        
[CODE #687] - 2026-08-13 19:58:53
┌─────────────────────────────────────┐
│  كود: KNATRI-LC18-3W6H
│  إنشاء: 2026-08-13T19:58:53.100776
│  انتهاء: 2026-08-14T19:58:53.100776
│  الحالة: نشط
│  التشفير: 05b83d01f8d724ea...
└─────────────────────────────────────┘
        
[CODE #688] - 2026-08-13 19:58:53
┌─────────────────────────────────────┐
│  كود: KNATRI-UPK0-WF23
│  إنشاء: 2026-08-13T19:58:53.100799
│  انتهاء: 2026-08-14T19:58:53.100799
│  الحالة: نشط
│  التشفير: 247f4d1c3f4f52f7...
└─────────────────────────────────────┘
        
[CODE #689] - 2026-08-13 19:58:53
┌─────────────────────────────────────┐
│  كود: KNATRI-I2Q2-TFYN
│  إنشاء: 2026-08-13T19:58:53.100825
│  انتهاء: 2026-08-14T19:58:53.100825
│  الحالة: نشط
│  التشفير: b37fb9efcf1e7b62...
└─────────────────────────────────────┘
        
[CODE #690] - 2026-08-13 19:58:53
┌─────────────────────────────────────┐
│  كود: KNATRI-JS25-ESE3
│  إنشاء: 2026-08-13T19:58:53.100854
│  انتهاء: 2026-08-14T19:58:53.100854
│  الحالة: نشط
│  التشفير: 509f8258712924ce...
└─────────────────────────────────────┘
        
[CODE #691] - 2026-08-13 19:58:53
┌─────────────────────────────────────┐
│  كود: KNATRI-IRE2-2WWX
│  إنشاء: 2026-08-13T19:58:53.100881
│  انتهاء: 2026-08-14T19:58:53.100881
│  الحالة: نشط
│  التشفير: ee8eafa62c9a5217...
└─────────────────────────────────────┘
        
[CODE #692] - 2026-08-13 19:58:53
┌─────────────────────────────────────┐
│  كود: KNATRI-ZTQT-FQHL
│  إنشاء: 2026-08-13T19:58:53.100909
│  انتهاء: 2026-08-14T19:58:53.100909
│  الحالة: نشط
│  التشفير: e7b47e1ce297d4a6...
└─────────────────────────────────────┘
        
[CODE #693] - 2026-08-13 19:58:53
┌─────────────────────────────────────┐
│  كود: KNATRI-14FT-HHU6
│  إنشاء: 2026-08-13T19:58:53.100949
│  انتهاء: 2026-08-14T19:58:53.100949
│  الحالة: نشط
│  التشفير: 13ed76a4ef554ff7...
└─────────────────────────────────────┘
        
[CODE #694] - 2026-08-13 19:58:53
┌─────────────────────────────────────┐
│  كود: KNATRI-HUEY-LAW2
│  إنشاء: 2026-08-13T19:58:53.100981
│  انتهاء: 2026-08-14T19:58:53.100981
│  الحالة: نشط
│  التشفير: 08be6f59a496bee1...
└─────────────────────────────────────┘
        
[CODE #695] - 2026-08-13 19:58:53
┌─────────────────────────────────────┐
│  كود: KNATRI-ZO0S-Q147
│  إنشاء: 2026-08-13T19:58:53.101011
│  انتهاء: 2026-08-14T19:58:53.101011
│  الحالة: نشط
│  التشفير: 17e703d3525f6618...
└─────────────────────────────────────┘
        
[CODE #696] - 2026-08-13 19:58:53
┌─────────────────────────────────────┐
│  كود: KNATRI-N1C7-THY1
│  إنشاء: 2026-08-13T19:58:53.101040
│  انتهاء: 2026-08-14T19:58:53.101040
│  الحالة: نشط
│  التشفير: 4849e9d3a9412805...
└─────────────────────────────────────┘
        
[CODE #697] - 2026-08-13 19:58:53
┌─────────────────────────────────────┐
│  كود: KNATRI-DRDM-6SV0
│  إنشاء: 2026-08-13T19:58:53.101068
│  انتهاء: 2026-08-14T19:58:53.101068
│  الحالة: نشط
│  التشفير: 6d9a29260e6aba91...
└─────────────────────────────────────┘
        
[CODE #698] - 2026-08-13 19:58:53
┌─────────────────────────────────────┐
│  كود: KNATRI-8RQQ-8WT0
│  إنشاء: 2026-08-13T19:58:53.101094
│  انتهاء: 2026-08-14T19:58:53.101094
│  الحالة: نشط
│  التشفير: e65bff159086ba69...
└─────────────────────────────────────┘
        
[CODE #699] - 2026-08-13 19:58:53
┌─────────────────────────────────────┐
│  كود: KNATRI-TC36-0ZLA
│  إنشاء: 2026-08-13T19:58:53.101121
│  انتهاء: 2026-08-14T19:58:53.101121
│  الحالة: نشط
│  التشفير: bc2f95965eaf7a00...
└─────────────────────────────────────┘
        
[CODE #700] - 2026-08-13 19:58:53
┌─────────────────────────────────────┐
│  كود: KNATRI-77H0-AYRM
│  إنشاء: 2026-08-13T19:58:53.101146
│  انتهاء: 2026-08-14T19:58:53.101146
│  الحالة: نشط
│  التشفير: 76894b9c064662d9...
└─────────────────────────────────────┘
        
[CODE #701] - 2026-08-13 19:58:53
┌─────────────────────────────────────┐
│  كود: KNATRI-740V-8T1D
│  إنشاء: 2026-08-13T19:58:53.101174
│  انتهاء: 2026-08-14T19:58:53.101174
│  الحالة: نشط
│  التشفير: 6ff891518056c6d7...
└─────────────────────────────────────┘
        
[CODE #702] - 2026-08-13 19:58:53
┌─────────────────────────────────────┐
│  كود: KNATRI-2B2A-4MNS
│  إنشاء: 2026-08-13T19:58:53.101201
│  انتهاء: 2026-08-14T19:58:53.101201
│  الحالة: نشط
│  التشفير: 594ce8857ed84ae7...
└─────────────────────────────────────┘
        
[CODE #703] - 2026-08-13 19:58:53
┌─────────────────────────────────────┐
│  كود: KNATRI-BQTZ-QKWA
│  إنشاء: 2026-08-13T19:58:53.101227
│  انتهاء: 2026-08-14T19:58:53.101227
│  الحالة: نشط
│  التشفير: cab09ece94821e4c...
└─────────────────────────────────────┘
        
[CODE #704] - 2026-08-13 19:58:53
┌─────────────────────────────────────┐
│  كود: KNATRI-9V93-JVZ5
│  إنشاء: 2026-08-13T19:58:53.101251
│  انتهاء: 2026-08-14T19:58:53.101251
│  الحالة: نشط
│  التشفير: 20e2f9157ad73916...
└─────────────────────────────────────┘
        
[CODE #705] - 2026-08-13 19:58:53
┌─────────────────────────────────────┐
│  كود: KNATRI-JDO0-JR7R
│  إنشاء: 2026-08-13T19:58:53.101280
│  انتهاء: 2026-08-14T19:58:53.101280
│  الحالة: نشط
│  التشفير: 48de5588bc3b1f0b...
└─────────────────────────────────────┘
        
[CODE #706] - 2026-08-13 19:58:53
┌─────────────────────────────────────┐
│  كود: KNATRI-FAC5-0YQK
│  إنشاء: 2026-08-13T19:58:53.101304
│  انتهاء: 2026-08-14T19:58:53.101304
│  الحالة: نشط
│  التشفير: cb01db821b51d5e0...
└─────────────────────────────────────┘
        
[CODE #707] - 2026-08-13 19:58:53
┌─────────────────────────────────────┐
│  كود: KNATRI-UU80-1432
│  إنشاء: 2026-08-13T19:58:53.101331
│  انتهاء: 2026-08-14T19:58:53.101331
│  الحالة: نشط
│  التشفير: 45800a2f648f0188...
└─────────────────────────────────────┘
        
[CODE #708] - 2026-08-13 19:58:53
┌─────────────────────────────────────┐
│  كود: KNATRI-3TXF-GNBM
│  إنشاء: 2026-08-13T19:58:53.101356
│  انتهاء: 2026-08-14T19:58:53.101356
│  الحالة: نشط
│  التشفير: fa1445427584c16c...
└─────────────────────────────────────┘
        
[CODE #709] - 2026-08-13 19:58:53
┌─────────────────────────────────────┐
│  كود: KNATRI-UJDV-T5K5
│  إنشاء: 2026-08-13T19:58:53.101382
│  انتهاء: 2026-08-14T19:58:53.101382
│  الحالة: نشط
│  التشفير: 5a3ff7e176bc9e93...
└─────────────────────────────────────┘
        
[CODE #710] - 2026-08-13 19:58:53
┌─────────────────────────────────────┐
│  كود: KNATRI-E9VV-M14V
│  إنشاء: 2026-08-13T19:58:53.101411
│  انتهاء: 2026-08-14T19:58:53.101411
│  الحالة: نشط
│  التشفير: 192b3877eaa1fc03...
└─────────────────────────────────────┘
        
[CODE #711] - 2026-08-13 19:58:53
┌─────────────────────────────────────┐
│  كود: KNATRI-SVEK-N1NQ
│  إنشاء: 2026-08-13T19:58:53.101437
│  انتهاء: 2026-08-14T19:58:53.101437
│  الحالة: نشط
│  التشفير: 986fa9bcaba1a540...
└─────────────────────────────────────┘
        
[CODE #712] - 2026-08-13 19:58:53
┌─────────────────────────────────────┐
│  كود: KNATRI-X6EZ-QICX
│  إنشاء: 2026-08-13T19:58:53.101463
│  انتهاء: 2026-08-14T19:58:53.101463
│  الحالة: نشط
│  التشفير: ab3a93d12c5c3dc4...
└─────────────────────────────────────┘
        
[CODE #713] - 2026-08-13 19:58:53
┌─────────────────────────────────────┐
│  كود: KNATRI-CW3Z-GKIE
│  إنشاء: 2026-08-13T19:58:53.101491
│  انتهاء: 2026-08-14T19:58:53.101491
│  الحالة: نشط
│  التشفير: 1824b7072c54d4aa...
└─────────────────────────────────────┘
        
[CODE #714] - 2026-08-13 19:58:53
┌─────────────────────────────────────┐
│  كود: KNATRI-2WWO-9DFP
│  إنشاء: 2026-08-13T19:58:53.101520
│  انتهاء: 2026-08-14T19:58:53.101520
│  الحالة: نشط
│  التشفير: 478af910149f1e5c...
└─────────────────────────────────────┘
        
[CODE #715] - 2026-08-13 19:58:53
┌─────────────────────────────────────┐
│  كود: KNATRI-ZTZL-XSHH
│  إنشاء: 2026-08-13T19:58:53.101551
│  انتهاء: 2026-08-14T19:58:53.101551
│  الحالة: نشط
│  التشفير: 5e8eebcec1247525...
└─────────────────────────────────────┘
        
[CODE #716] - 2026-08-13 19:58:53
┌─────────────────────────────────────┐
│  كود: KNATRI-J94F-48JI
│  إنشاء: 2026-08-13T19:58:53.101581
│  انتهاء: 2026-08-14T19:58:53.101581
│  الحالة: نشط
│  التشفير: 308f322b44eea035...
└─────────────────────────────────────┘
        
[CODE #717] - 2026-08-13 19:58:53
┌─────────────────────────────────────┐
│  كود: KNATRI-AXE8-HZDR
│  إنشاء: 2026-08-13T19:58:53.101606
│  انتهاء: 2026-08-14T19:58:53.101606
│  الحالة: نشط
│  التشفير: 3c5f6151fa87a297...
└─────────────────────────────────────┘
        
[CODE #718] - 2026-08-13 19:58:53
┌─────────────────────────────────────┐
│  كود: KNATRI-DUZ1-RGRJ
│  إنشاء: 2026-08-13T19:58:53.101632
│  انتهاء: 2026-08-14T19:58:53.101632
│  الحالة: نشط
│  التشفير: d977fd63af5f9f3b...
└─────────────────────────────────────┘
        
[CODE #719] - 2026-08-13 19:58:53
┌─────────────────────────────────────┐
│  كود: KNATRI-1S48-BB89
│  إنشاء: 2026-08-13T19:58:53.101662
│  انتهاء: 2026-08-14T19:58:53.101662
│  الحالة: نشط
│  التشفير: 84347ffa1b07ccc2...
└─────────────────────────────────────┘
        
[CODE #720] - 2026-08-13 19:58:53
┌─────────────────────────────────────┐
│  كود: KNATRI-0KZW-HC54
│  إنشاء: 2026-08-13T19:58:53.101688
│  انتهاء: 2026-08-14T19:58:53.101688
│  الحالة: نشط
│  التشفير: 9f0a86432752abce...
└─────────────────────────────────────┘
        
[CODE #721] - 2026-08-13 19:58:53
┌─────────────────────────────────────┐
│  كود: KNATRI-37AH-V7N8
│  إنشاء: 2026-08-13T19:58:53.101717
│  انتهاء: 2026-08-14T19:58:53.101717
│  الحالة: نشط
│  التشفير: 4c5911226774116d...
└─────────────────────────────────────┘
        
[CODE #722] - 2026-08-13 19:58:53
┌─────────────────────────────────────┐
│  كود: KNATRI-KU9J-CRI8
│  إنشاء: 2026-08-13T19:58:53.101747
│  انتهاء: 2026-08-14T19:58:53.101747
│  الحالة: نشط
│  التشفير: defac6cb31e3e19d...
└─────────────────────────────────────┘
        
[CODE #723] - 2026-08-13 19:58:53
┌─────────────────────────────────────┐
│  كود: KNATRI-LFO8-VJS6
│  إنشاء: 2026-08-13T19:58:53.101773
│  انتهاء: 2026-08-14T19:58:53.101773
│  الحالة: نشط
│  التشفير: b9cd12a5806721f2...
└─────────────────────────────────────┘
        
[CODE #724] - 2026-08-13 19:58:53
┌─────────────────────────────────────┐
│  كود: KNATRI-T2Q6-T9QA
│  إنشاء: 2026-08-13T19:58:53.101796
│  انتهاء: 2026-08-14T19:58:53.101796
│  الحالة: نشط
│  التشفير: 6dd657904295db53...
└─────────────────────────────────────┘
        
[CODE #725] - 2026-08-13 19:58:53
┌─────────────────────────────────────┐
│  كود: KNATRI-M4Y9-VGM5
│  إنشاء: 2026-08-13T19:58:53.101820
│  انتهاء: 2026-08-14T19:58:53.101820
│  الحالة: نشط
│  التشفير: 548c7505a29787e6...
└─────────────────────────────────────┘
        
[CODE #726] - 2026-08-13 19:58:53
┌─────────────────────────────────────┐
│  كود: KNATRI-0WKC-M61C
│  إنشاء: 2026-08-13T19:58:53.101845
│  انتهاء: 2026-08-14T19:58:53.101845
│  الحالة: نشط
│  التشفير: 8f0380975c0c8583...
└─────────────────────────────────────┘
        
[CODE #727] - 2026-08-13 19:58:53
┌─────────────────────────────────────┐
│  كود: KNATRI-VH1P-AX3K
│  إنشاء: 2026-08-13T19:58:53.101873
│  انتهاء: 2026-08-14T19:58:53.101873
│  الحالة: نشط
│  التشفير: e22322e532297d30...
└─────────────────────────────────────┘
        
[CODE #728] - 2026-08-13 19:58:53
┌─────────────────────────────────────┐
│  كود: KNATRI-H0B4-24E7
│  إنشاء: 2026-08-13T19:58:53.101898
│  انتهاء: 2026-08-14T19:58:53.101898
│  الحالة: نشط
│  التشفير: bef161e3bbde1be5...
└─────────────────────────────────────┘
        
[CODE #729] - 2026-08-13 19:58:53
┌─────────────────────────────────────┐
│  كود: KNATRI-5A3B-O0RL
│  إنشاء: 2026-08-13T19:58:53.101924
│  انتهاء: 2026-08-14T19:58:53.101924
│  الحالة: نشط
│  التشفير: 0fc6f2ef28040ded...
└─────────────────────────────────────┘
        
[CODE #730] - 2026-08-13 19:58:53
┌─────────────────────────────────────┐
│  كود: KNATRI-LSCN-AP4G
│  إنشاء: 2026-08-13T19:58:53.101953
│  انتهاء: 2026-08-14T19:58:53.101953
│  الحالة: نشط
│  التشفير: e88ead253df9502f...
└─────────────────────────────────────┘
        
[CODE #731] - 2026-08-13 19:58:53
┌─────────────────────────────────────┐
│  كود: KNATRI-VBM8-ZE4G
│  إنشاء: 2026-08-13T19:58:53.101983
│  انتهاء: 2026-08-14T19:58:53.101983
│  الحالة: نشط
│  التشفير: 8187103920be8526...
└─────────────────────────────────────┘
        
[CODE #732] - 2026-08-13 19:58:53
┌─────────────────────────────────────┐
│  كود: KNATRI-C121-ECA4
│  إنشاء: 2026-08-13T19:58:53.102008
│  انتهاء: 2026-08-14T19:58:53.102008
│  الحالة: نشط
│  التشفير: 67a38b89808677a9...
└─────────────────────────────────────┘
        
[CODE #733] - 2026-08-13 19:58:53
┌─────────────────────────────────────┐
│  كود: KNATRI-Z7ZZ-4TLD
│  إنشاء: 2026-08-13T19:58:53.102038
│  انتهاء: 2026-08-14T19:58:53.102038
│  الحالة: نشط
│  التشفير: be4096055d638a75...
└─────────────────────────────────────┘
        
[CODE #734] - 2026-08-13 19:58:53
┌─────────────────────────────────────┐
│  كود: KNATRI-LABJ-T12C
│  إنشاء: 2026-08-13T19:58:53.102061
│  انتهاء: 2026-08-14T19:58:53.102061
│  الحالة: نشط
│  التشفير: 94b9f2ff2356434d...
└─────────────────────────────────────┘
        
[CODE #735] - 2026-08-13 19:58:53
┌─────────────────────────────────────┐
│  كود: KNATRI-GIUD-7NZP
│  إنشاء: 2026-08-13T19:58:53.102086
│  انتهاء: 2026-08-14T19:58:53.102086
│  الحالة: نشط
│  التشفير: a397eefe5486bf86...
└─────────────────────────────────────┘
        
[CODE #736] - 2026-08-13 19:58:53
┌─────────────────────────────────────┐
│  كود: KNATRI-27ON-D73K
│  إنشاء: 2026-08-13T19:58:53.102111
│  انتهاء: 2026-08-14T19:58:53.102111
│  الحالة: نشط
│  التشفير: 298f811308d2d809...
└─────────────────────────────────────┘
        
[CODE #737] - 2026-08-13 19:58:53
┌─────────────────────────────────────┐
│  كود: KNATRI-9LJM-BNY6
│  إنشاء: 2026-08-13T19:58:53.102134
│  انتهاء: 2026-08-14T19:58:53.102134
│  الحالة: نشط
│  التشفير: 605170514226f272...
└─────────────────────────────────────┘
        
[CODE #738] - 2026-08-13 19:58:53
┌─────────────────────────────────────┐
│  كود: KNATRI-ZLKB-QDOT
│  إنشاء: 2026-08-13T19:58:53.102161
│  انتهاء: 2026-08-14T19:58:53.102161
│  الحالة: نشط
│  التشفير: fbde2cfeb436f01e...
└─────────────────────────────────────┘
        
[CODE #739] - 2026-08-13 19:58:53
┌─────────────────────────────────────┐
│  كود: KNATRI-PT7R-CE2C
│  إنشاء: 2026-08-13T19:58:53.102184
│  انتهاء: 2026-08-14T19:58:53.102184
│  الحالة: نشط
│  التشفير: a43b17bdb00d50b6...
└─────────────────────────────────────┘
        
[CODE #740] - 2026-08-13 19:58:53
┌─────────────────────────────────────┐
│  كود: KNATRI-IARZ-R2KA
│  إنشاء: 2026-08-13T19:58:53.102214
│  انتهاء: 2026-08-14T19:58:53.102214
│  الحالة: نشط
│  التشفير: 6bc85374ba16d018...
└─────────────────────────────────────┘
        
[CODE #741] - 2026-08-13 19:58:53
┌─────────────────────────────────────┐
│  كود: KNATRI-PP1C-F78L
│  إنشاء: 2026-08-13T19:58:53.102237
│  انتهاء: 2026-08-14T19:58:53.102237
│  الحالة: نشط
│  التشفير: 122b99655fa89f13...
└─────────────────────────────────────┘
        
[CODE #742] - 2026-08-13 19:58:53
┌─────────────────────────────────────┐
│  كود: KNATRI-4KB6-031Q
│  إنشاء: 2026-08-13T19:58:53.102264
│  انتهاء: 2026-08-14T19:58:53.102264
│  الحالة: نشط
│  التشفير: 27b2b0ccd819e62d...
└─────────────────────────────────────┘
        
[CODE #743] - 2026-08-13 19:58:53
┌─────────────────────────────────────┐
│  كود: KNATRI-YXYH-IEGI
│  إنشاء: 2026-08-13T19:58:53.102289
│  انتهاء: 2026-08-14T19:58:53.102289
│  الحالة: نشط
│  التشفير: 94aa1b051eac8440...
└─────────────────────────────────────┘
        
[CODE #744] - 2026-08-13 19:58:53
┌─────────────────────────────────────┐
│  كود: KNATRI-HG0Y-0FZT
│  إنشاء: 2026-08-13T19:58:53.102315
│  انتهاء: 2026-08-14T19:58:53.102315
│  الحالة: نشط
│  التشفير: 3ff564b05317c9a0...
└─────────────────────────────────────┘
        
[CODE #745] - 2026-08-13 19:58:53
┌─────────────────────────────────────┐
│  كود: KNATRI-XL2U-Z1VI
│  إنشاء: 2026-08-13T19:58:53.102339
│  انتهاء: 2026-08-14T19:58:53.102339
│  الحالة: نشط
│  التشفير: 8ae5666dfb39abab...
└─────────────────────────────────────┘
        
[CODE #746] - 2026-08-13 19:58:53
┌─────────────────────────────────────┐
│  كود: KNATRI-MW3N-E3KK
│  إنشاء: 2026-08-13T19:58:53.102363
│  انتهاء: 2026-08-14T19:58:53.102363
│  الحالة: نشط
│  التشفير: 2b7c11b8982d5eb7...
└─────────────────────────────────────┘
        
[CODE #747] - 2026-08-13 19:58:53
┌─────────────────────────────────────┐
│  كود: KNATRI-LC2R-ERIE
│  إنشاء: 2026-08-13T19:58:53.102389
│  انتهاء: 2026-08-14T19:58:53.102389
│  الحالة: نشط
│  التشفير: 1bb88906f7b2a8ac...
└─────────────────────────────────────┘
        
[CODE #748] - 2026-08-13 19:58:53
┌─────────────────────────────────────┐
│  كود: KNATRI-13SV-2VFF
│  إنشاء: 2026-08-13T19:58:53.102416
│  انتهاء: 2026-08-14T19:58:53.102416
│  الحالة: نشط
│  التشفير: d94ad84533cdc21b...
└─────────────────────────────────────┘
        
[CODE #749] - 2026-08-13 19:58:53
┌─────────────────────────────────────┐
│  كود: KNATRI-8ZDO-ERIR
│  إنشاء: 2026-08-13T19:58:53.102443
│  انتهاء: 2026-08-14T19:58:53.102443
│  الحالة: نشط
│  التشفير: 1fdb6fa944b718a7...
└─────────────────────────────────────┘
        
[CODE #750] - 2026-08-13 19:58:53
┌─────────────────────────────────────┐
│  كود: KNATRI-ASUW-J50G
│  إنشاء: 2026-08-13T19:58:53.102474
│  انتهاء: 2026-08-14T19:58:53.102474
│  الحالة: نشط
│  التشفير: 2636745a8aea36f4...
└─────────────────────────────────────┘
        
[CODE #751] - 2026-08-13 19:58:53
┌─────────────────────────────────────┐
│  كود: KNATRI-L166-YONG
│  إنشاء: 2026-08-13T19:58:53.102500
│  انتهاء: 2026-08-14T19:58:53.102500
│  الحالة: نشط
│  التشفير: d86327f032a5d65b...
└─────────────────────────────────────┘
        
[CODE #752] - 2026-08-13 19:58:53
┌─────────────────────────────────────┐
│  كود: KNATRI-1LYI-CNQI
│  إنشاء: 2026-08-13T19:58:53.102533
│  انتهاء: 2026-08-14T19:58:53.102533
│  الحالة: نشط
│  التشفير: de86ac6249595b70...
└─────────────────────────────────────┘
        
[CODE #753] - 2026-08-13 19:58:53
┌─────────────────────────────────────┐
│  كود: KNATRI-5Q8O-91EZ
│  إنشاء: 2026-08-13T19:58:53.102568
│  انتهاء: 2026-08-14T19:58:53.102568
│  الحالة: نشط
│  التشفير: 17f47f55daa2aba5...
└─────────────────────────────────────┘
        
[CODE #754] - 2026-08-13 19:58:53
┌─────────────────────────────────────┐
│  كود: KNATRI-E1RI-83QO
│  إنشاء: 2026-08-13T19:58:53.102595
│  انتهاء: 2026-08-14T19:58:53.102595
│  الحالة: نشط
│  التشفير: abd222fa0a651320...
└─────────────────────────────────────┘
        
[CODE #755] - 2026-08-13 19:58:53
┌─────────────────────────────────────┐
│  كود: KNATRI-N0XT-KGB4
│  إنشاء: 2026-08-13T19:58:53.102619
│  انتهاء: 2026-08-14T19:58:53.102619
│  الحالة: نشط
│  التشفير: f993d1c95186988e...
└─────────────────────────────────────┘
        
[CODE #756] - 2026-08-13 19:58:53
┌─────────────────────────────────────┐
│  كود: KNATRI-N2D1-YK0Z
│  إنشاء: 2026-08-13T19:58:53.102646
│  انتهاء: 2026-08-14T19:58:53.102646
│  الحالة: نشط
│  التشفير: 2ebde167b3a4b050...
└─────────────────────────────────────┘
        
[CODE #757] - 2026-08-13 19:58:53
┌─────────────────────────────────────┐
│  كود: KNATRI-UEGT-9X0B
│  إنشاء: 2026-08-13T19:58:53.102671
│  انتهاء: 2026-08-14T19:58:53.102671
│  الحالة: نشط
│  التشفير: 043131b74b9b4102...
└─────────────────────────────────────┘
        
[CODE #758] - 2026-08-13 19:58:53
┌─────────────────────────────────────┐
│  كود: KNATRI-FDHF-NY1S
│  إنشاء: 2026-08-13T19:58:53.102703
│  انتهاء: 2026-08-14T19:58:53.102703
│  الحالة: نشط
│  التشفير: 3a346d3c77c3a7c0...
└─────────────────────────────────────┘
        
[CODE #759] - 2026-08-13 19:58:53
┌─────────────────────────────────────┐
│  كود: KNATRI-JU1Q-NW85
│  إنشاء: 2026-08-13T19:58:53.102729
│  انتهاء: 2026-08-14T19:58:53.102729
│  الحالة: نشط
│  التشفير: d0ad52ec92c33065...
└─────────────────────────────────────┘
        
[CODE #760] - 2026-08-13 19:58:53
┌─────────────────────────────────────┐
│  كود: KNATRI-CXIA-FD64
│  إنشاء: 2026-08-13T19:58:53.102754
│  انتهاء: 2026-08-14T19:58:53.102754
│  الحالة: نشط
│  التشفير: cd31d41c6959da8d...
└─────────────────────────────────────┘
        
[CODE #761] - 2026-08-13 19:58:53
┌─────────────────────────────────────┐
│  كود: KNATRI-LFQJ-BQFZ
│  إنشاء: 2026-08-13T19:58:53.102778
│  انتهاء: 2026-08-14T19:58:53.102778
│  الحالة: نشط
│  التشفير: fb2e45b6cc925ccd...
└─────────────────────────────────────┘
        
[CODE #762] - 2026-08-13 19:58:53
┌─────────────────────────────────────┐
│  كود: KNATRI-SXHU-XVWK
│  إنشاء: 2026-08-13T19:58:53.102803
│  انتهاء: 2026-08-14T19:58:53.102803
│  الحالة: نشط
│  التشفير: 8b02a36d45c076d9...
└─────────────────────────────────────┘
        
[CODE #763] - 2026-08-13 19:58:53
┌─────────────────────────────────────┐
│  كود: KNATRI-1ALN-V91S
│  إنشاء: 2026-08-13T19:58:53.102829
│  انتهاء: 2026-08-14T19:58:53.102829
│  الحالة: نشط
│  التشفير: 0f1a97c448d9da17...
└─────────────────────────────────────┘
        
[CODE #764] - 2026-08-13 19:58:53
┌─────────────────────────────────────┐
│  كود: KNATRI-1CFB-0YDD
│  إنشاء: 2026-08-13T19:58:53.102854
│  انتهاء: 2026-08-14T19:58:53.102854
│  الحالة: نشط
│  التشفير: e654c58c172beb3f...
└─────────────────────────────────────┘
        
[CODE #765] - 2026-08-13 19:58:53
┌─────────────────────────────────────┐
│  كود: KNATRI-S5HW-HW1K
│  إنشاء: 2026-08-13T19:58:53.102879
│  انتهاء: 2026-08-14T19:58:53.102879
│  الحالة: نشط
│  التشفير: 6dd72ab0f96f6bf7...
└─────────────────────────────────────┘
        
[CODE #766] - 2026-08-13 19:58:53
┌─────────────────────────────────────┐
│  كود: KNATRI-L9RV-TMLJ
│  إنشاء: 2026-08-13T19:58:53.102905
│  انتهاء: 2026-08-14T19:58:53.102905
│  الحالة: نشط
│  التشفير: 43ad719ab1cd75eb...
└─────────────────────────────────────┘
        
[CODE #767] - 2026-08-13 19:58:53
┌─────────────────────────────────────┐
│  كود: KNATRI-7U3E-VIXE
│  إنشاء: 2026-08-13T19:58:53.102934
│  انتهاء: 2026-08-14T19:58:53.102934
│  الحالة: نشط
│  التشفير: 36c34dfcd35d445e...
└─────────────────────────────────────┘
        
[CODE #768] - 2026-08-13 19:58:53
┌─────────────────────────────────────┐
│  كود: KNATRI-KW8U-302N
│  إنشاء: 2026-08-13T19:58:53.102959
│  انتهاء: 2026-08-14T19:58:53.102959
│  الحالة: نشط
│  التشفير: f4347f3da261a278...
└─────────────────────────────────────┘
        
[CODE #769] - 2026-08-13 19:58:53
┌─────────────────────────────────────┐
│  كود: KNATRI-MQIJ-4WPM
│  إنشاء: 2026-08-13T19:58:53.102983
│  انتهاء: 2026-08-14T19:58:53.102983
│  الحالة: نشط
│  التشفير: 344166566956c88e...
└─────────────────────────────────────┘
        
[CODE #770] - 2026-08-13 19:58:53
┌─────────────────────────────────────┐
│  كود: KNATRI-YW0J-TWE6
│  إنشاء: 2026-08-13T19:58:53.103009
│  انتهاء: 2026-08-14T19:58:53.103009
│  الحالة: نشط
│  التشفير: 1911679a5be9a7a9...
└─────────────────────────────────────┘
        
[CODE #771] - 2026-08-13 19:58:53
┌─────────────────────────────────────┐
│  كود: KNATRI-8IF8-JALS
│  إنشاء: 2026-08-13T19:58:53.103035
│  انتهاء: 2026-08-14T19:58:53.103035
│  الحالة: نشط
│  التشفير: c7a4743f39dcd22d...
└─────────────────────────────────────┘
        
[CODE #772] - 2026-08-13 19:58:53
┌─────────────────────────────────────┐
│  كود: KNATRI-PIWG-DUQS
│  إنشاء: 2026-08-13T19:58:53.103065
│  انتهاء: 2026-08-14T19:58:53.103065
│  الحالة: نشط
│  التشفير: eda7a5a8fc40e7ba...
└─────────────────────────────────────┘
        
[CODE #773] - 2026-08-13 19:58:53
┌─────────────────────────────────────┐
│  كود: KNATRI-E3QE-6YIX
│  إنشاء: 2026-08-13T19:58:53.103089
│  انتهاء: 2026-08-14T19:58:53.103089
│  الحالة: نشط
│  التشفير: 83a33c55078057a9...
└─────────────────────────────────────┘
        
[CODE #774] - 2026-08-13 19:58:53
┌─────────────────────────────────────┐
│  كود: KNATRI-X20Y-2T53
│  إنشاء: 2026-08-13T19:58:53.103113
│  انتهاء: 2026-08-14T19:58:53.103113
│  الحالة: نشط
│  التشفير: 77b89f80947c6db5...
└─────────────────────────────────────┘
        
[CODE #775] - 2026-08-13 19:58:53
┌─────────────────────────────────────┐
│  كود: KNATRI-NPJ6-DGJR
│  إنشاء: 2026-08-13T19:58:53.103138
│  انتهاء: 2026-08-14T19:58:53.103138
│  الحالة: نشط
│  التشفير: 0b857938894b6c6c...
└─────────────────────────────────────┘
        
[CODE #776] - 2026-08-13 19:58:53
┌─────────────────────────────────────┐
│  كود: KNATRI-HOSQ-OZ8X
│  إنشاء: 2026-08-13T19:58:53.103164
│  انتهاء: 2026-08-14T19:58:53.103164
│  الحالة: نشط
│  التشفير: ab76101969147730...
└─────────────────────────────────────┘
        
[CODE #777] - 2026-08-13 19:58:53
┌─────────────────────────────────────┐
│  كود: KNATRI-ONF6-N8MH
│  إنشاء: 2026-08-13T19:58:53.103194
│  انتهاء: 2026-08-14T19:58:53.103194
│  الحالة: نشط
│  التشفير: 37cc05da4e95c0a9...
└─────────────────────────────────────┘
        
[CODE #778] - 2026-08-13 19:58:53
┌─────────────────────────────────────┐
│  كود: KNATRI-6IL0-28Y7
│  إنشاء: 2026-08-13T19:58:53.103227
│  انتهاء: 2026-08-14T19:58:53.103227
│  الحالة: نشط
│  التشفير: 73e9e5138973f65b...
└─────────────────────────────────────┘
        
[CODE #779] - 2026-08-13 19:58:53
┌─────────────────────────────────────┐
│  كود: KNATRI-9EDM-G9M4
│  إنشاء: 2026-08-13T19:58:53.103256
│  انتهاء: 2026-08-14T19:58:53.103256
│  الحالة: نشط
│  التشفير: af8374920e3488eb...
└─────────────────────────────────────┘
        
[CODE #780] - 2026-08-13 19:58:53
┌─────────────────────────────────────┐
│  كود: KNATRI-AMM4-RNMV
│  إنشاء: 2026-08-13T19:58:53.103292
│  انتهاء: 2026-08-14T19:58:53.103292
│  الحالة: نشط
│  التشفير: 5f4996f56bf1e9da...
└─────────────────────────────────────┘
        
[CODE #781] - 2026-08-13 19:58:53
┌─────────────────────────────────────┐
│  كود: KNATRI-EL2B-EDMW
│  إنشاء: 2026-08-13T19:58:53.103329
│  انتهاء: 2026-08-14T19:58:53.103329
│  الحالة: نشط
│  التشفير: ddaadd3a1ca7b661...
└─────────────────────────────────────┘
        
[CODE #782] - 2026-08-13 19:58:53
┌─────────────────────────────────────┐
│  كود: KNATRI-A9OP-YLDN
│  إنشاء: 2026-08-13T19:58:53.103355
│  انتهاء: 2026-08-14T19:58:53.103355
│  الحالة: نشط
│  التشفير: 591ae58bcdc1334d...
└─────────────────────────────────────┘
        
[CODE #783] - 2026-08-13 19:58:53
┌─────────────────────────────────────┐
│  كود: KNATRI-PT7Q-L7QU
│  إنشاء: 2026-08-13T19:58:53.103381
│  انتهاء: 2026-08-14T19:58:53.103381
│  الحالة: نشط
│  التشفير: dd5c844d99979e95...
└─────────────────────────────────────┘
        
[CODE #784] - 2026-08-13 19:58:53
┌─────────────────────────────────────┐
│  كود: KNATRI-QG0D-SEIQ
│  إنشاء: 2026-08-13T19:58:53.103412
│  انتهاء: 2026-08-14T19:58:53.103412
│  الحالة: نشط
│  التشفير: d2fb4dab1717360d...
└─────────────────────────────────────┘
        
[CODE #785] - 2026-08-13 19:58:53
┌─────────────────────────────────────┐
│  كود: KNATRI-8JPA-QVKP
│  إنشاء: 2026-08-13T19:58:53.103437
│  انتهاء: 2026-08-14T19:58:53.103437
│  الحالة: نشط
│  التشفير: 8e40d4ed118ee130...
└─────────────────────────────────────┘
        
[CODE #786] - 2026-08-13 19:58:53
┌─────────────────────────────────────┐
│  كود: KNATRI-AYCD-5PNQ
│  إنشاء: 2026-08-13T19:58:53.103461
│  انتهاء: 2026-08-14T19:58:53.103461
│  الحالة: نشط
│  التشفير: 9dc3a467d0af5d65...
└─────────────────────────────────────┘
        
[CODE #787] - 2026-08-13 19:58:53
┌─────────────────────────────────────┐
│  كود: KNATRI-S53K-N075
│  إنشاء: 2026-08-13T19:58:53.103490
│  انتهاء: 2026-08-14T19:58:53.103490
│  الحالة: نشط
│  التشفير: 4017fedf768f6921...
└─────────────────────────────────────┘
        
[CODE #788] - 2026-08-13 19:58:53
┌─────────────────────────────────────┐
│  كود: KNATRI-BR9G-YIDA
│  إنشاء: 2026-08-13T19:58:53.103520
│  انتهاء: 2026-08-14T19:58:53.103520
│  الحالة: نشط
│  التشفير: 358b7d62b9f3b4b3...
└─────────────────────────────────────┘
        
[CODE #789] - 2026-08-13 19:58:53
┌─────────────────────────────────────┐
│  كود: KNATRI-ZUF1-HIM2
│  إنشاء: 2026-08-13T19:58:53.103553
│  انتهاء: 2026-08-14T19:58:53.103553
│  الحالة: نشط
│  التشفير: 16d7583749c8d043...
└─────────────────────────────────────┘
        
[CODE #790] - 2026-08-13 19:58:53
┌─────────────────────────────────────┐
│  كود: KNATRI-WDO6-VD76
│  إنشاء: 2026-08-13T19:58:53.103584
│  انتهاء: 2026-08-14T19:58:53.103584
│  الحالة: نشط
│  التشفير: 31a155837264c42c...
└─────────────────────────────────────┘
        
[CODE #791] - 2026-08-13 19:58:53
┌─────────────────────────────────────┐
│  كود: KNATRI-NG9V-4U8U
│  إنشاء: 2026-08-13T19:58:53.103610
│  انتهاء: 2026-08-14T19:58:53.103610
│  الحالة: نشط
│  التشفير: 9eb08805d9dd69d2...
└─────────────────────────────────────┘
        
[CODE #792] - 2026-08-13 19:58:53
┌─────────────────────────────────────┐
│  كود: KNATRI-LR8B-ILS6
│  إنشاء: 2026-08-13T19:58:53.103639
│  انتهاء: 2026-08-14T19:58:53.103639
│  الحالة: نشط
│  التشفير: 2749c10c9ee6876a...
└─────────────────────────────────────┘
        
[CODE #793] - 2026-08-13 19:58:53
┌─────────────────────────────────────┐
│  كود: KNATRI-NSHG-U4X1
│  إنشاء: 2026-08-13T19:58:53.103669
│  انتهاء: 2026-08-14T19:58:53.103669
│  الحالة: نشط
│  التشفير: 712d27c2faa5f22c...
└─────────────────────────────────────┘
        
[CODE #794] - 2026-08-13 19:58:53
┌─────────────────────────────────────┐
│  كود: KNATRI-ZN87-4Y7Q
│  إنشاء: 2026-08-13T19:58:53.103697
│  انتهاء: 2026-08-14T19:58:53.103697
│  الحالة: نشط
│  التشفير: bbb7b39d9db6b1a4...
└─────────────────────────────────────┘
        
[CODE #795] - 2026-08-13 19:58:53
┌─────────────────────────────────────┐
│  كود: KNATRI-53UY-7YE2
│  إنشاء: 2026-08-13T19:58:53.103724
│  انتهاء: 2026-08-14T19:58:53.103724
│  الحالة: نشط
│  التشفير: da4924a7a84df78a...
└─────────────────────────────────────┘
        
[CODE #796] - 2026-08-13 19:58:53
┌─────────────────────────────────────┐
│  كود: KNATRI-C2LX-KKXM
│  إنشاء: 2026-08-13T19:58:53.103749
│  انتهاء: 2026-08-14T19:58:53.103749
│  الحالة: نشط
│  التشفير: 8d1f935d0d88efb6...
└─────────────────────────────────────┘
        
[CODE #797] - 2026-08-13 19:58:53
┌─────────────────────────────────────┐
│  كود: KNATRI-OELX-ZPKD
│  إنشاء: 2026-08-13T19:58:53.103774
│  انتهاء: 2026-08-14T19:58:53.103774
│  الحالة: نشط
│  التشفير: a5123d9be33379b0...
└─────────────────────────────────────┘
        
[CODE #798] - 2026-08-13 19:58:53
┌─────────────────────────────────────┐
│  كود: KNATRI-PVUE-YSDY
│  إنشاء: 2026-08-13T19:58:53.103800
│  انتهاء: 2026-08-14T19:58:53.103800
│  الحالة: نشط
│  التشفير: d8b61aa8e828bf18...
└─────────────────────────────────────┘
        
[CODE #799] - 2026-08-13 19:58:53
┌─────────────────────────────────────┐
│  كود: KNATRI-S8MQ-4HHB
│  إنشاء: 2026-08-13T19:58:53.103822
│  انتهاء: 2026-08-14T19:58:53.103822
│  الحالة: نشط
│  التشفير: 288d033e14ab30c2...
└─────────────────────────────────────┘
        
[CODE #800] - 2026-08-13 19:58:53
┌─────────────────────────────────────┐
│  كود: KNATRI-U3WI-MV2X
│  إنشاء: 2026-08-13T19:58:53.103847
│  انتهاء: 2026-08-14T19:58:53.103847
│  الحالة: نشط
│  التشفير: 1362489dc59d7506...
└─────────────────────────────────────┘
        
[CODE #801] - 2026-08-13 19:58:53
┌─────────────────────────────────────┐
│  كود: KNATRI-GADU-MDUN
│  إنشاء: 2026-08-13T19:58:53.103871
│  انتهاء: 2026-08-14T19:58:53.103871
│  الحالة: نشط
│  التشفير: 71dad50dde79ab51...
└─────────────────────────────────────┘
        
[CODE #802] - 2026-08-13 19:58:53
┌─────────────────────────────────────┐
│  كود: KNATRI-TTR7-RK5P
│  إنشاء: 2026-08-13T19:58:53.103897
│  انتهاء: 2026-08-14T19:58:53.103897
│  الحالة: نشط
│  التشفير: e98299e8e273240c...
└─────────────────────────────────────┘
        
[CODE #803] - 2026-08-13 19:58:53
┌─────────────────────────────────────┐
│  كود: KNATRI-IQUS-11BU
│  إنشاء: 2026-08-13T19:58:53.103921
│  انتهاء: 2026-08-14T19:58:53.103921
│  الحالة: نشط
│  التشفير: a15ec3bb46391c0c...
└─────────────────────────────────────┘
        
[CODE #804] - 2026-08-13 19:58:53
┌─────────────────────────────────────┐
│  كود: KNATRI-QRFO-Y1C6
│  إنشاء: 2026-08-13T19:58:53.103948
│  انتهاء: 2026-08-14T19:58:53.103948
│  الحالة: نشط
│  التشفير: 07b569b58b40e83d...
└─────────────────────────────────────┘
        
[CODE #805] - 2026-08-13 19:58:53
┌─────────────────────────────────────┐
│  كود: KNATRI-FOS9-NVIU
│  إنشاء: 2026-08-13T19:58:53.103974
│  انتهاء: 2026-08-14T19:58:53.103974
│  الحالة: نشط
│  التشفير: 11b82d04a31a01f5...
└─────────────────────────────────────┘
        
[CODE #806] - 2026-08-13 19:58:53
┌─────────────────────────────────────┐
│  كود: KNATRI-IWS6-FAP7
│  إنشاء: 2026-08-13T19:58:53.104003
│  انتهاء: 2026-08-14T19:58:53.104003
│  الحالة: نشط
│  التشفير: dbc6ac01fd157a43...
└─────────────────────────────────────┘
        
[CODE #807] - 2026-08-13 19:58:53
┌─────────────────────────────────────┐
│  كود: KNATRI-RCLL-RRFX
│  إنشاء: 2026-08-13T19:58:53.104028
│  انتهاء: 2026-08-14T19:58:53.104028
│  الحالة: نشط
│  التشفير: 048c7c86e1b7ea5f...
└─────────────────────────────────────┘
        
[CODE #808] - 2026-08-13 19:58:53
┌─────────────────────────────────────┐
│  كود: KNATRI-6HOC-8T8L
│  إنشاء: 2026-08-13T19:58:53.104057
│  انتهاء: 2026-08-14T19:58:53.104057
│  الحالة: نشط
│  التشفير: b816af874c3c0731...
└─────────────────────────────────────┘
        
[CODE #809] - 2026-08-13 19:58:53
┌─────────────────────────────────────┐
│  كود: KNATRI-98SC-1GRQ
│  إنشاء: 2026-08-13T19:58:53.104079
│  انتهاء: 2026-08-14T19:58:53.104079
│  الحالة: نشط
│  التشفير: 504f36462281ced1...
└─────────────────────────────────────┘
        
[CODE #810] - 2026-08-13 19:58:53
┌─────────────────────────────────────┐
│  كود: KNATRI-ILI8-KCE5
│  إنشاء: 2026-08-13T19:58:53.104105
│  انتهاء: 2026-08-14T19:58:53.104105
│  الحالة: نشط
│  التشفير: b3e5b27440a8ecd8...
└─────────────────────────────────────┘
        
[CODE #811] - 2026-08-13 19:58:53
┌─────────────────────────────────────┐
│  كود: KNATRI-FO1J-LC5E
│  إنشاء: 2026-08-13T19:58:53.104130
│  انتهاء: 2026-08-14T19:58:53.104130
│  الحالة: نشط
│  التشفير: e6b45739449c0c9b...
└─────────────────────────────────────┘
        
[CODE #812] - 2026-08-13 19:58:53
┌─────────────────────────────────────┐
│  كود: KNATRI-I2JN-ME0M
│  إنشاء: 2026-08-13T19:58:53.104158
│  انتهاء: 2026-08-14T19:58:53.104158
│  الحالة: نشط
│  التشفير: bb08cdd23b7624c2...
└─────────────────────────────────────┘
        
[CODE #813] - 2026-08-13 19:58:53
┌─────────────────────────────────────┐
│  كود: KNATRI-OMRA-103U
│  إنشاء: 2026-08-13T19:58:53.104186
│  انتهاء: 2026-08-14T19:58:53.104186
│  الحالة: نشط
│  التشفير: 3594eb2cbc1469d1...
└─────────────────────────────────────┘
        
[CODE #814] - 2026-08-13 19:58:53
┌─────────────────────────────────────┐
│  كود: KNATRI-JNHN-0MGA
│  إنشاء: 2026-08-13T19:58:53.104210
│  انتهاء: 2026-08-14T19:58:53.104210
│  الحالة: نشط
│  التشفير: 07c980a8c9e71474...
└─────────────────────────────────────┘
        
[CODE #815] - 2026-08-13 19:58:53
┌─────────────────────────────────────┐
│  كود: KNATRI-VQ7I-4KZJ
│  إنشاء: 2026-08-13T19:58:53.104236
│  انتهاء: 2026-08-14T19:58:53.104236
│  الحالة: نشط
│  التشفير: 7564e19160bf236c...
└─────────────────────────────────────┘
        
[CODE #816] - 2026-08-13 19:58:53
┌─────────────────────────────────────┐
│  كود: KNATRI-F81D-0GAM
│  إنشاء: 2026-08-13T19:58:53.104261
│  انتهاء: 2026-08-14T19:58:53.104261
│  الحالة: نشط
│  التشفير: c32da1eb74a3dab5...
└─────────────────────────────────────┘
        
[CODE #817] - 2026-08-13 19:58:53
┌─────────────────────────────────────┐
│  كود: KNATRI-2H52-T0SO
│  إنشاء: 2026-08-13T19:58:53.104286
│  انتهاء: 2026-08-14T19:58:53.104286
│  الحالة: نشط
│  التشفير: f33f2eeb796a30f2...
└─────────────────────────────────────┘
        
[CODE #818] - 2026-08-13 19:58:53
┌─────────────────────────────────────┐
│  كود: KNATRI-2J5D-KMIZ
│  إنشاء: 2026-08-13T19:58:53.104312
│  انتهاء: 2026-08-14T19:58:53.104312
│  الحالة: نشط
│  التشفير: 240ac65db2571433...
└─────────────────────────────────────┘
        
[CODE #819] - 2026-08-13 19:58:53
┌─────────────────────────────────────┐
│  كود: KNATRI-TFA8-ADBS
│  إنشاء: 2026-08-13T19:58:53.104338
│  انتهاء: 2026-08-14T19:58:53.104338
│  الحالة: نشط
│  التشفير: fef6ca56576036e0...
└─────────────────────────────────────┘
        
[CODE #820] - 2026-08-13 19:58:53
┌─────────────────────────────────────┐
│  كود: KNATRI-H64X-5Q7T
│  إنشاء: 2026-08-13T19:58:53.104363
│  انتهاء: 2026-08-14T19:58:53.104363
│  الحالة: نشط
│  التشفير: c7bbd16c4d3a8cb8...
└─────────────────────────────────────┘
        
[CODE #821] - 2026-08-13 19:58:53
┌─────────────────────────────────────┐
│  كود: KNATRI-RLSR-07PL
│  إنشاء: 2026-08-13T19:58:53.104389
│  انتهاء: 2026-08-14T19:58:53.104389
│  الحالة: نشط
│  التشفير: e230b210af6c241e...
└─────────────────────────────────────┘
        
[CODE #822] - 2026-08-13 19:58:53
┌─────────────────────────────────────┐
│  كود: KNATRI-LV86-DZ5L
│  إنشاء: 2026-08-13T19:58:53.104414
│  انتهاء: 2026-08-14T19:58:53.104414
│  الحالة: نشط
│  التشفير: bb0e565879bbbc7c...
└─────────────────────────────────────┘
        
[CODE #823] - 2026-08-13 19:58:53
┌─────────────────────────────────────┐
│  كود: KNATRI-F2JH-ZW5P
│  إنشاء: 2026-08-13T19:58:53.104438
│  انتهاء: 2026-08-14T19:58:53.104438
│  الحالة: نشط
│  التشفير: 9876f18589d49eee...
└─────────────────────────────────────┘
        
[CODE #824] - 2026-08-13 19:58:53
┌─────────────────────────────────────┐
│  كود: KNATRI-OSTZ-ETFM
│  إنشاء: 2026-08-13T19:58:53.104462
│  انتهاء: 2026-08-14T19:58:53.104462
│  الحالة: نشط
│  التشفير: 2f047febfae9dc19...
└─────────────────────────────────────┘
        
[CODE #825] - 2026-08-13 19:58:53
┌─────────────────────────────────────┐
│  كود: KNATRI-RN9C-TPUU
│  إنشاء: 2026-08-13T19:58:53.104486
│  انتهاء: 2026-08-14T19:58:53.104486
│  الحالة: نشط
│  التشفير: 7396ff2da1eaf902...
└─────────────────────────────────────┘
        
[CODE #826] - 2026-08-13 19:58:53
┌─────────────────────────────────────┐
│  كود: KNATRI-00YA-ES5H
│  إنشاء: 2026-08-13T19:58:53.104510
│  انتهاء: 2026-08-14T19:58:53.104510
│  الحالة: نشط
│  التشفير: 57328457a4344cca...
└─────────────────────────────────────┘
        
[CODE #827] - 2026-08-13 19:58:53
┌─────────────────────────────────────┐
│  كود: KNATRI-WYQT-ZBH7
│  إنشاء: 2026-08-13T19:58:53.104541
│  انتهاء: 2026-08-14T19:58:53.104541
│  الحالة: نشط
│  التشفير: 1ae3ae7803fdbcb0...
└─────────────────────────────────────┘
        
[CODE #828] - 2026-08-13 19:58:53
┌─────────────────────────────────────┐
│  كود: KNATRI-KDJO-DLYW
│  إنشاء: 2026-08-13T19:58:53.104576
│  انتهاء: 2026-08-14T19:58:53.104576
│  الحالة: نشط
│  التشفير: 2476388f98df4b2a...
└─────────────────────────────────────┘
        
[CODE #829] - 2026-08-13 19:58:53
┌─────────────────────────────────────┐
│  كود: KNATRI-MASZ-1REZ
│  إنشاء: 2026-08-13T19:58:53.104602
│  انتهاء: 2026-08-14T19:58:53.104602
│  الحالة: نشط
│  التشفير: 563dc9161e274361...
└─────────────────────────────────────┘
        
[CODE #830] - 2026-08-13 19:58:53
┌─────────────────────────────────────┐
│  كود: KNATRI-RSH9-66PE
│  إنشاء: 2026-08-13T19:58:53.104629
│  انتهاء: 2026-08-14T19:58:53.104629
│  الحالة: نشط
│  التشفير: ae8648c25d84be2e...
└─────────────────────────────────────┘
        
[CODE #831] - 2026-08-13 19:58:53
┌─────────────────────────────────────┐
│  كود: KNATRI-XC3E-IGGS
│  إنشاء: 2026-08-13T19:58:53.104660
│  انتهاء: 2026-08-14T19:58:53.104660
│  الحالة: نشط
│  التشفير: 02111ce663689a1e...
└─────────────────────────────────────┘
        
[CODE #832] - 2026-08-13 19:58:53
┌─────────────────────────────────────┐
│  كود: KNATRI-ZZM1-R016
│  إنشاء: 2026-08-13T19:58:53.104687
│  انتهاء: 2026-08-14T19:58:53.104687
│  الحالة: نشط
│  التشفير: ad2f7efec669b552...
└─────────────────────────────────────┘
        
[CODE #833] - 2026-08-13 19:58:53
┌─────────────────────────────────────┐
│  كود: KNATRI-SUJ3-D194
│  إنشاء: 2026-08-13T19:58:53.104713
│  انتهاء: 2026-08-14T19:58:53.104713
│  الحالة: نشط
│  التشفير: a78ab7e35ae8015c...
└─────────────────────────────────────┘
        
[CODE #834] - 2026-08-13 19:58:53
┌─────────────────────────────────────┐
│  كود: KNATRI-36B7-IN89
│  إنشاء: 2026-08-13T19:58:53.104737
│  انتهاء: 2026-08-14T19:58:53.104737
│  الحالة: نشط
│  التشفير: 8f985eab674705e6...
└─────────────────────────────────────┘
        
[CODE #835] - 2026-08-13 19:58:53
┌─────────────────────────────────────┐
│  كود: KNATRI-H1ME-SDWD
│  إنشاء: 2026-08-13T19:58:53.104763
│  انتهاء: 2026-08-14T19:58:53.104763
│  الحالة: نشط
│  التشفير: 9172658b6b0df295...
└─────────────────────────────────────┘
        
[CODE #836] - 2026-08-13 19:58:53
┌─────────────────────────────────────┐
│  كود: KNATRI-BENY-N38E
│  إنشاء: 2026-08-13T19:58:53.104788
│  انتهاء: 2026-08-14T19:58:53.104788
│  الحالة: نشط
│  التشفير: 39c7c1ef90f2421c...
└─────────────────────────────────────┘
        
[CODE #837] - 2026-08-13 19:58:53
┌─────────────────────────────────────┐
│  كود: KNATRI-PVQO-72X1
│  إنشاء: 2026-08-13T19:58:53.104816
│  انتهاء: 2026-08-14T19:58:53.104816
│  الحالة: نشط
│  التشفير: eaf138d32b888fd9...
└─────────────────────────────────────┘
        
[CODE #838] - 2026-08-13 19:58:53
┌─────────────────────────────────────┐
│  كود: KNATRI-KN14-ILS0
│  إنشاء: 2026-08-13T19:58:53.104842
│  انتهاء: 2026-08-14T19:58:53.104842
│  الحالة: نشط
│  التشفير: 1580c8f408b27e9a...
└─────────────────────────────────────┘
        
[CODE #839] - 2026-08-13 19:58:53
┌─────────────────────────────────────┐
│  كود: KNATRI-7D44-R9CW
│  إنشاء: 2026-08-13T19:58:53.104867
│  انتهاء: 2026-08-14T19:58:53.104867
│  الحالة: نشط
│  التشفير: fc01c68696594139...
└─────────────────────────────────────┘
        
[CODE #840] - 2026-08-13 19:58:53
┌─────────────────────────────────────┐
│  كود: KNATRI-D6FH-B99V
│  إنشاء: 2026-08-13T19:58:53.104892
│  انتهاء: 2026-08-14T19:58:53.104892
│  الحالة: نشط
│  التشفير: efa0ced0648dea48...
└─────────────────────────────────────┘
        
[CODE #841] - 2026-08-13 19:58:53
┌─────────────────────────────────────┐
│  كود: KNATRI-ES18-6TSO
│  إنشاء: 2026-08-13T19:58:53.104917
│  انتهاء: 2026-08-14T19:58:53.104917
│  الحالة: نشط
│  التشفير: e108a40ec1155978...
└─────────────────────────────────────┘
        
[CODE #842] - 2026-08-13 19:58:53
┌─────────────────────────────────────┐
│  كود: KNATRI-VORV-2VX2
│  إنشاء: 2026-08-13T19:58:53.104974
│  انتهاء: 2026-08-14T19:58:53.104974
│  الحالة: نشط
│  التشفير: 0a86731f0cf8e5df...
└─────────────────────────────────────┘
        
[CODE #843] - 2026-08-13 19:58:53
┌─────────────────────────────────────┐
│  كود: KNATRI-VBBI-2JLK
│  إنشاء: 2026-08-13T19:58:53.105008
│  انتهاء: 2026-08-14T19:58:53.105008
│  الحالة: نشط
│  التشفير: 0a93a68ee6cab3a1...
└─────────────────────────────────────┘
        
[CODE #844] - 2026-08-13 19:58:53
┌─────────────────────────────────────┐
│  كود: KNATRI-YRR5-0TMA
│  إنشاء: 2026-08-13T19:58:53.105037
│  انتهاء: 2026-08-14T19:58:53.105037
│  الحالة: نشط
│  التشفير: 02ed06904c9e903e...
└─────────────────────────────────────┘
        
[CODE #845] - 2026-08-13 19:58:53
┌─────────────────────────────────────┐
│  كود: KNATRI-1MT0-J5MN
│  إنشاء: 2026-08-13T19:58:53.105067
│  انتهاء: 2026-08-14T19:58:53.105067
│  الحالة: نشط
│  التشفير: 34a9117c84daf27e...
└─────────────────────────────────────┘
        
[CODE #846] - 2026-08-13 19:58:53
┌─────────────────────────────────────┐
│  كود: KNATRI-Z6EE-KSTD
│  إنشاء: 2026-08-13T19:58:53.105092
│  انتهاء: 2026-08-14T19:58:53.105092
│  الحالة: نشط
│  التشفير: 7ef6078728fa4986...
└─────────────────────────────────────┘
        
[CODE #847] - 2026-08-13 19:58:53
┌─────────────────────────────────────┐
│  كود: KNATRI-8T5J-E8MO
│  إنشاء: 2026-08-13T19:58:53.105119
│  انتهاء: 2026-08-14T19:58:53.105119
│  الحالة: نشط
│  التشفير: 6eb60a479fe4ab5e...
└─────────────────────────────────────┘
        
[CODE #848] - 2026-08-13 19:58:53
┌─────────────────────────────────────┐
│  كود: KNATRI-4RI5-9D3W
│  إنشاء: 2026-08-13T19:58:53.105146
│  انتهاء: 2026-08-14T19:58:53.105146
│  الحالة: نشط
│  التشفير: 48ec1c6f9f28dc4b...
└─────────────────────────────────────┘
        
[CODE #849] - 2026-08-13 19:58:53
┌─────────────────────────────────────┐
│  كود: KNATRI-9YLC-1X17
│  إنشاء: 2026-08-13T19:58:53.105174
│  انتهاء: 2026-08-14T19:58:53.105174
│  الحالة: نشط
│  التشفير: c7febfb0048526de...
└─────────────────────────────────────┘
        
[CODE #850] - 2026-08-13 19:58:53
┌─────────────────────────────────────┐
│  كود: KNATRI-3QSA-9P0W
│  إنشاء: 2026-08-13T19:58:53.105204
│  انتهاء: 2026-08-14T19:58:53.105204
│  الحالة: نشط
│  التشفير: 21ada5adfc483214...
└─────────────────────────────────────┘
        
[CODE #851] - 2026-08-13 19:58:53
┌─────────────────────────────────────┐
│  كود: KNATRI-4XA7-RBRM
│  إنشاء: 2026-08-13T19:58:53.105230
│  انتهاء: 2026-08-14T19:58:53.105230
│  الحالة: نشط
│  التشفير: 5daadeb00aece14b...
└─────────────────────────────────────┘
        
[CODE #852] - 2026-08-13 19:58:53
┌─────────────────────────────────────┐
│  كود: KNATRI-07FI-W07U
│  إنشاء: 2026-08-13T19:58:53.105257
│  انتهاء: 2026-08-14T19:58:53.105257
│  الحالة: نشط
│  التشفير: 0b9e934297e42fb1...
└─────────────────────────────────────┘
        
[CODE #853] - 2026-08-13 19:58:53
┌─────────────────────────────────────┐
│  كود: KNATRI-VK8S-YXGY
│  إنشاء: 2026-08-13T19:58:53.105284
│  انتهاء: 2026-08-14T19:58:53.105284
│  الحالة: نشط
│  التشفير: 30b9d57f30b106a1...
└─────────────────────────────────────┘
        
[CODE #854] - 2026-08-13 19:58:53
┌─────────────────────────────────────┐
│  كود: KNATRI-FTOI-X0QO
│  إنشاء: 2026-08-13T19:58:53.105312
│  انتهاء: 2026-08-14T19:58:53.105312
│  الحالة: نشط
│  التشفير: 946422db0402d05d...
└─────────────────────────────────────┘
        
[CODE #855] - 2026-08-13 19:58:53
┌─────────────────────────────────────┐
│  كود: KNATRI-DQP4-9JM8
│  إنشاء: 2026-08-13T19:58:53.105334
│  انتهاء: 2026-08-14T19:58:53.105334
│  الحالة: نشط
│  التشفير: fe82c308d12531e3...
└─────────────────────────────────────┘
        
[CODE #856] - 2026-08-13 19:58:53
┌─────────────────────────────────────┐
│  كود: KNATRI-HGD5-BREC
│  إنشاء: 2026-08-13T19:58:53.105358
│  انتهاء: 2026-08-14T19:58:53.105358
│  الحالة: نشط
│  التشفير: cb47cde584c2da31...
└─────────────────────────────────────┘
        
[CODE #857] - 2026-08-13 19:58:53
┌─────────────────────────────────────┐
│  كود: KNATRI-QS9T-DH47
│  إنشاء: 2026-08-13T19:58:53.105385
│  انتهاء: 2026-08-14T19:58:53.105385
│  الحالة: نشط
│  التشفير: d94735f1e5dd1ad6...
└─────────────────────────────────────┘
        
[CODE #858] - 2026-08-13 19:58:53
┌─────────────────────────────────────┐
│  كود: KNATRI-SACL-B2U1
│  إنشاء: 2026-08-13T19:58:53.105409
│  انتهاء: 2026-08-14T19:58:53.105409
│  الحالة: نشط
│  التشفير: 2e36cc7f335de1c6...
└─────────────────────────────────────┘
        
[CODE #859] - 2026-08-13 19:58:53
┌─────────────────────────────────────┐
│  كود: KNATRI-3VNL-QI46
│  إنشاء: 2026-08-13T19:58:53.105437
│  انتهاء: 2026-08-14T19:58:53.105437
│  الحالة: نشط
│  التشفير: ece588f78e84e1be...
└─────────────────────────────────────┘
        
[CODE #860] - 2026-08-13 19:58:53
┌─────────────────────────────────────┐
│  كود: KNATRI-PVIZ-O79T
│  إنشاء: 2026-08-13T19:58:53.105462
│  انتهاء: 2026-08-14T19:58:53.105462
│  الحالة: نشط
│  التشفير: 61b0636ccba6e0f1...
└─────────────────────────────────────┘
        
[CODE #861] - 2026-08-13 19:58:53
┌─────────────────────────────────────┐
│  كود: KNATRI-S9HA-N5TK
│  إنشاء: 2026-08-13T19:58:53.105488
│  انتهاء: 2026-08-14T19:58:53.105488
│  الحالة: نشط
│  التشفير: 64dc05966cc5f575...
└─────────────────────────────────────┘
        
[CODE #862] - 2026-08-13 19:58:53
┌─────────────────────────────────────┐
│  كود: KNATRI-GPZO-L66X
│  إنشاء: 2026-08-13T19:58:53.105517
│  انتهاء: 2026-08-14T19:58:53.105517
│  الحالة: نشط
│  التشفير: 606b2c1c528dfe3b...
└─────────────────────────────────────┘
        
[CODE #863] - 2026-08-13 19:58:53
┌─────────────────────────────────────┐
│  كود: KNATRI-7JSZ-13AA
│  إنشاء: 2026-08-13T19:58:53.105551
│  انتهاء: 2026-08-14T19:58:53.105551
│  الحالة: نشط
│  التشفير: f54e5bfa80f7510e...
└─────────────────────────────────────┘
        
[CODE #864] - 2026-08-13 19:58:53
┌─────────────────────────────────────┐
│  كود: KNATRI-VTBE-SV3W
│  إنشاء: 2026-08-13T19:58:53.105577
│  انتهاء: 2026-08-14T19:58:53.105577
│  الحالة: نشط
│  التشفير: c30af8caa0dfc3b3...
└─────────────────────────────────────┘
        
[CODE #865] - 2026-08-13 19:58:53
┌─────────────────────────────────────┐
│  كود: KNATRI-4MUG-3426
│  إنشاء: 2026-08-13T19:58:53.105602
│  انتهاء: 2026-08-14T19:58:53.105602
│  الحالة: نشط
│  التشفير: fa0ff03cd26a6665...
└─────────────────────────────────────┘
        
[CODE #866] - 2026-08-13 19:58:53
┌─────────────────────────────────────┐
│  كود: KNATRI-XU75-3OGJ
│  إنشاء: 2026-08-13T19:58:53.105627
│  انتهاء: 2026-08-14T19:58:53.105627
│  الحالة: نشط
│  التشفير: 948a8fa97d48ece6...
└─────────────────────────────────────┘
        
[CODE #867] - 2026-08-13 19:58:53
┌─────────────────────────────────────┐
│  كود: KNATRI-GLYI-SV53
│  إنشاء: 2026-08-13T19:58:53.105652
│  انتهاء: 2026-08-14T19:58:53.105652
│  الحالة: نشط
│  التشفير: b7cabdb2b3b9909d...
└─────────────────────────────────────┘
        
[CODE #868] - 2026-08-13 19:58:53
┌─────────────────────────────────────┐
│  كود: KNATRI-7J7O-W6Q6
│  إنشاء: 2026-08-13T19:58:53.105676
│  انتهاء: 2026-08-14T19:58:53.105676
│  الحالة: نشط
│  التشفير: 57cbc49cdc0daa4b...
└─────────────────────────────────────┘
        
[CODE #869] - 2026-08-13 19:58:53
┌─────────────────────────────────────┐
│  كود: KNATRI-B6L7-YF7H
│  إنشاء: 2026-08-13T19:58:53.105699
│  انتهاء: 2026-08-14T19:58:53.105699
│  الحالة: نشط
│  التشفير: d1631401ab2b1791...
└─────────────────────────────────────┘
        
[CODE #870] - 2026-08-13 19:58:53
┌─────────────────────────────────────┐
│  كود: KNATRI-WSKL-T221
│  إنشاء: 2026-08-13T19:58:53.105724
│  انتهاء: 2026-08-14T19:58:53.105724
│  الحالة: نشط
│  التشفير: e0be6927025b8991...
└─────────────────────────────────────┘
        
[CODE #871] - 2026-08-13 19:58:53
┌─────────────────────────────────────┐
│  كود: KNATRI-GKV1-ZX96
│  إنشاء: 2026-08-13T19:58:53.105752
│  انتهاء: 2026-08-14T19:58:53.105752
│  الحالة: نشط
│  التشفير: 448dd6b2f4a5de8b...
└─────────────────────────────────────┘
        
[CODE #872] - 2026-08-13 19:58:53
┌─────────────────────────────────────┐
│  كود: KNATRI-78B2-D0HJ
│  إنشاء: 2026-08-13T19:58:53.105778
│  انتهاء: 2026-08-14T19:58:53.105778
│  الحالة: نشط
│  التشفير: 11dddd4a9d5c2585...
└─────────────────────────────────────┘
        
[CODE #873] - 2026-08-13 19:58:53
┌─────────────────────────────────────┐
│  كود: KNATRI-MIHL-XZOV
│  إنشاء: 2026-08-13T19:58:53.105803
│  انتهاء: 2026-08-14T19:58:53.105803
│  الحالة: نشط
│  التشفير: e8cc0d2df591fdce...
└─────────────────────────────────────┘
        
[CODE #874] - 2026-08-13 19:58:53
┌─────────────────────────────────────┐
│  كود: KNATRI-1UJ0-VL5E
│  إنشاء: 2026-08-13T19:58:53.105828
│  انتهاء: 2026-08-14T19:58:53.105828
│  الحالة: نشط
│  التشفير: 711b19e2d9b03bc2...
└─────────────────────────────────────┘
        
[CODE #875] - 2026-08-13 19:58:53
┌─────────────────────────────────────┐
│  كود: KNATRI-OZ7B-TX88
│  إنشاء: 2026-08-13T19:58:53.105851
│  انتهاء: 2026-08-14T19:58:53.105851
│  الحالة: نشط
│  التشفير: af12ba699430cdfd...
└─────────────────────────────────────┘
        
[CODE #876] - 2026-08-13 19:58:53
┌─────────────────────────────────────┐
│  كود: KNATRI-NZOE-4ETC
│  إنشاء: 2026-08-13T19:58:53.105877
│  انتهاء: 2026-08-14T19:58:53.105877
│  الحالة: نشط
│  التشفير: dbe879bf04b4273b...
└─────────────────────────────────────┘
        
[CODE #877] - 2026-08-13 19:58:53
┌─────────────────────────────────────┐
│  كود: KNATRI-EDTM-269N
│  إنشاء: 2026-08-13T19:58:53.105904
│  انتهاء: 2026-08-14T19:58:53.105904
│  الحالة: نشط
│  التشفير: f7bf3c828c3da1c5...
└─────────────────────────────────────┘
        
[CODE #878] - 2026-08-13 19:58:53
┌─────────────────────────────────────┐
│  كود: KNATRI-IKFH-XUKV
│  إنشاء: 2026-08-13T19:58:53.105928
│  انتهاء: 2026-08-14T19:58:53.105928
│  الحالة: نشط
│  التشفير: 05f93571a0840adc...
└─────────────────────────────────────┘
        
[CODE #879] - 2026-08-13 19:58:53
┌─────────────────────────────────────┐
│  كود: KNATRI-JF4K-0EDF
│  إنشاء: 2026-08-13T19:58:53.105956
│  انتهاء: 2026-08-14T19:58:53.105956
│  الحالة: نشط
│  التشفير: 58e6c6753c17d2fe...
└─────────────────────────────────────┘
        
[CODE #880] - 2026-08-13 19:58:53
┌─────────────────────────────────────┐
│  كود: KNATRI-NDL0-UIPT
│  إنشاء: 2026-08-13T19:58:53.105984
│  انتهاء: 2026-08-14T19:58:53.105984
│  الحالة: نشط
│  التشفير: 491f56dc46e7be43...
└─────────────────────────────────────┘
        
[CODE #881] - 2026-08-13 19:58:53
┌─────────────────────────────────────┐
│  كود: KNATRI-K9W9-NTPK
│  إنشاء: 2026-08-13T19:58:53.106014
│  انتهاء: 2026-08-14T19:58:53.106014
│  الحالة: نشط
│  التشفير: ae8d0a0b17c07d3b...
└─────────────────────────────────────┘
        
[CODE #882] - 2026-08-13 19:58:53
┌─────────────────────────────────────┐
│  كود: KNATRI-1TJS-NI85
│  إنشاء: 2026-08-13T19:58:53.106038
│  انتهاء: 2026-08-14T19:58:53.106038
│  الحالة: نشط
│  التشفير: ac8539adfc8847f8...
└─────────────────────────────────────┘
        
[CODE #883] - 2026-08-13 19:58:53
┌─────────────────────────────────────┐
│  كود: KNATRI-EFSO-1OAS
│  إنشاء: 2026-08-13T19:58:53.106068
│  انتهاء: 2026-08-14T19:58:53.106068
│  الحالة: نشط
│  التشفير: cecf9c1dc21d3e12...
└─────────────────────────────────────┘
        
[CODE #884] - 2026-08-13 19:58:53
┌─────────────────────────────────────┐
│  كود: KNATRI-3VGO-J3XG
│  إنشاء: 2026-08-13T19:58:53.106094
│  انتهاء: 2026-08-14T19:58:53.106094
│  الحالة: نشط
│  التشفير: c613d618c11da5b3...
└─────────────────────────────────────┘
        
[CODE #885] - 2026-08-13 19:58:53
┌─────────────────────────────────────┐
│  كود: KNATRI-ZY4M-56RQ
│  إنشاء: 2026-08-13T19:58:53.106122
│  انتهاء: 2026-08-14T19:58:53.106122
│  الحالة: نشط
│  التشفير: 37af5bd4cdd493e4...
└─────────────────────────────────────┘
        
[CODE #886] - 2026-08-13 19:58:53
┌─────────────────────────────────────┐
│  كود: KNATRI-BOH2-56Y2
│  إنشاء: 2026-08-13T19:58:53.106149
│  انتهاء: 2026-08-14T19:58:53.106149
│  الحالة: نشط
│  التشفير: c927024d437c3cd0...
└─────────────────────────────────────┘
        
[CODE #887] - 2026-08-13 19:58:53
┌─────────────────────────────────────┐
│  كود: KNATRI-PKYC-Z55A
│  إنشاء: 2026-08-13T19:58:53.106173
│  انتهاء: 2026-08-14T19:58:53.106173
│  الحالة: نشط
│  التشفير: 4bcdaec228981aa8...
└─────────────────────────────────────┘
        
[CODE #888] - 2026-08-13 19:58:53
┌─────────────────────────────────────┐
│  كود: KNATRI-ME5B-JIKU
│  إنشاء: 2026-08-13T19:58:53.106199
│  انتهاء: 2026-08-14T19:58:53.106199
│  الحالة: نشط
│  التشفير: 373c53a96eac1874...
└─────────────────────────────────────┘
        
[CODE #889] - 2026-08-13 19:58:53
┌─────────────────────────────────────┐
│  كود: KNATRI-42G3-PTY0
│  إنشاء: 2026-08-13T19:58:53.106229
│  انتهاء: 2026-08-14T19:58:53.106229
│  الحالة: نشط
│  التشفير: 5b472986f87d4ee2...
└─────────────────────────────────────┘
        
[CODE #890] - 2026-08-13 19:58:53
┌─────────────────────────────────────┐
│  كود: KNATRI-ZL9I-CJTD
│  إنشاء: 2026-08-13T19:58:53.106257
│  انتهاء: 2026-08-14T19:58:53.106257
│  الحالة: نشط
│  التشفير: ffa06a1e63560459...
└─────────────────────────────────────┘
        
[CODE #891] - 2026-08-13 19:58:53
┌─────────────────────────────────────┐
│  كود: KNATRI-4P1Q-589S
│  إنشاء: 2026-08-13T19:58:53.106282
│  انتهاء: 2026-08-14T19:58:53.106282
│  الحالة: نشط
│  التشفير: 380321e982e6d950...
└─────────────────────────────────────┘
        
[CODE #892] - 2026-08-13 19:58:53
┌─────────────────────────────────────┐
│  كود: KNATRI-2ZQ9-WO0X
│  إنشاء: 2026-08-13T19:58:53.106305
│  انتهاء: 2026-08-14T19:58:53.106305
│  الحالة: نشط
│  التشفير: aef85b526eb80828...
└─────────────────────────────────────┘
        
[CODE #893] - 2026-08-13 19:58:53
┌─────────────────────────────────────┐
│  كود: KNATRI-CGB3-1RSI
│  إنشاء: 2026-08-13T19:58:53.106330
│  انتهاء: 2026-08-14T19:58:53.106330
│  الحالة: نشط
│  التشفير: 3b6d888615246e5d...
└─────────────────────────────────────┘
        
[CODE #894] - 2026-08-13 19:58:53
┌─────────────────────────────────────┐
│  كود: KNATRI-9HB1-XPI8
│  إنشاء: 2026-08-13T19:58:53.106361
│  انتهاء: 2026-08-14T19:58:53.106361
│  الحالة: نشط
│  التشفير: 56633b7c93a9ffe9...
└─────────────────────────────────────┘
        
[CODE #895] - 2026-08-13 19:58:53
┌─────────────────────────────────────┐
│  كود: KNATRI-V24N-DX1T
│  إنشاء: 2026-08-13T19:58:53.106390
│  انتهاء: 2026-08-14T19:58:53.106390
│  الحالة: نشط
│  التشفير: 5bf32c22fbb46fe9...
└─────────────────────────────────────┘
        
[CODE #896] - 2026-08-13 19:58:53
┌─────────────────────────────────────┐
│  كود: KNATRI-0SK2-NQX3
│  إنشاء: 2026-08-13T19:58:53.106416
│  انتهاء: 2026-08-14T19:58:53.106416
│  الحالة: نشط
│  التشفير: 19ce08cda80e3df7...
└─────────────────────────────────────┘
        
[CODE #897] - 2026-08-13 19:58:53
┌─────────────────────────────────────┐
│  كود: KNATRI-MEPF-RMJT
│  إنشاء: 2026-08-13T19:58:53.106440
│  انتهاء: 2026-08-14T19:58:53.106440
│  الحالة: نشط
│  التشفير: 0d6b290bb0945f67...
└─────────────────────────────────────┘
        
[CODE #898] - 2026-08-13 19:58:53
┌─────────────────────────────────────┐
│  كود: KNATRI-7S8I-XW4T
│  إنشاء: 2026-08-13T19:58:53.106468
│  انتهاء: 2026-08-14T19:58:53.106468
│  الحالة: نشط
│  التشفير: da7c26d7b9889e9f...
└─────────────────────────────────────┘
        
[CODE #899] - 2026-08-13 19:58:53
┌─────────────────────────────────────┐
│  كود: KNATRI-WW54-OCPY
│  إنشاء: 2026-08-13T19:58:53.106494
│  انتهاء: 2026-08-14T19:58:53.106494
│  الحالة: نشط
│  التشفير: bc8fb42e7ebcf17c...
└─────────────────────────────────────┘
        
[CODE #900] - 2026-08-13 19:58:53
┌─────────────────────────────────────┐
│  كود: KNATRI-0O7U-6A43
│  إنشاء: 2026-08-13T19:58:53.106516
│  انتهاء: 2026-08-14T19:58:53.106516
│  الحالة: نشط
│  التشفير: fb257516240018e4...
└─────────────────────────────────────┘
        
[CODE #901] - 2026-08-13 19:58:53
┌─────────────────────────────────────┐
│  كود: KNATRI-TJX0-XSAI
│  إنشاء: 2026-08-13T19:58:53.106548
│  انتهاء: 2026-08-14T19:58:53.106548
│  الحالة: نشط
│  التشفير: 472ced192d94aaf7...
└─────────────────────────────────────┘
        
[CODE #902] - 2026-08-13 19:58:53
┌─────────────────────────────────────┐
│  كود: KNATRI-AK6I-JOAU
│  إنشاء: 2026-08-13T19:58:53.106577
│  انتهاء: 2026-08-14T19:58:53.106577
│  الحالة: نشط
│  التشفير: 789cecfde867a31f...
└─────────────────────────────────────┘
        
[CODE #903] - 2026-08-13 19:58:53
┌─────────────────────────────────────┐
│  كود: KNATRI-73BV-K68E
│  إنشاء: 2026-08-13T19:58:53.106600
│  انتهاء: 2026-08-14T19:58:53.106600
│  الحالة: نشط
│  التشفير: 9d60ab03ddc0f52b...
└─────────────────────────────────────┘
        
[CODE #904] - 2026-08-13 19:58:53
┌─────────────────────────────────────┐
│  كود: KNATRI-EKPQ-SS41
│  إنشاء: 2026-08-13T19:58:53.106625
│  انتهاء: 2026-08-14T19:58:53.106625
│  الحالة: نشط
│  التشفير: ae6e1e07587e9be3...
└─────────────────────────────────────┘
        
[CODE #905] - 2026-08-13 19:58:53
┌─────────────────────────────────────┐
│  كود: KNATRI-GB99-5HVL
│  إنشاء: 2026-08-13T19:58:53.106651
│  انتهاء: 2026-08-14T19:58:53.106651
│  الحالة: نشط
│  التشفير: 65cf3d19c1fea817...
└─────────────────────────────────────┘
        
[CODE #906] - 2026-08-13 19:58:53
┌─────────────────────────────────────┐
│  كود: KNATRI-KLCY-R3BY
│  إنشاء: 2026-08-13T19:58:53.106678
│  انتهاء: 2026-08-14T19:58:53.106678
│  الحالة: نشط
│  التشفير: df6780a28303fd25...
└─────────────────────────────────────┘
        
[CODE #907] - 2026-08-13 19:58:53
┌─────────────────────────────────────┐
│  كود: KNATRI-UMAE-DX59
│  إنشاء: 2026-08-13T19:58:53.106708
│  انتهاء: 2026-08-14T19:58:53.106708
│  الحالة: نشط
│  التشفير: 0b2086996192ef75...
└─────────────────────────────────────┘
        
[CODE #908] - 2026-08-13 19:58:53
┌─────────────────────────────────────┐
│  كود: KNATRI-G1WB-O40V
│  إنشاء: 2026-08-13T19:58:53.106734
│  انتهاء: 2026-08-14T19:58:53.106734
│  الحالة: نشط
│  التشفير: 5e6f8951aad4dbca...
└─────────────────────────────────────┘
        
[CODE #909] - 2026-08-13 19:58:53
┌─────────────────────────────────────┐
│  كود: KNATRI-YQUD-F4QL
│  إنشاء: 2026-08-13T19:58:53.106762
│  انتهاء: 2026-08-14T19:58:53.106762
│  الحالة: نشط
│  التشفير: 89ad0119db970f0e...
└─────────────────────────────────────┘
        
[CODE #910] - 2026-08-13 19:58:53
┌─────────────────────────────────────┐
│  كود: KNATRI-2EUN-W4S4
│  إنشاء: 2026-08-13T19:58:53.106788
│  انتهاء: 2026-08-14T19:58:53.106788
│  الحالة: نشط
│  التشفير: 325f5561ca278c76...
└─────────────────────────────────────┘
        
[CODE #911] - 2026-08-13 19:58:53
┌─────────────────────────────────────┐
│  كود: KNATRI-P492-8WYQ
│  إنشاء: 2026-08-13T19:58:53.106816
│  انتهاء: 2026-08-14T19:58:53.106816
│  الحالة: نشط
│  التشفير: 63e4b3ea3815c6c2...
└─────────────────────────────────────┘
        
[CODE #912] - 2026-08-13 19:58:53
┌─────────────────────────────────────┐
│  كود: KNATRI-TW7H-XT49
│  إنشاء: 2026-08-13T19:58:53.106843
│  انتهاء: 2026-08-14T19:58:53.106843
│  الحالة: نشط
│  التشفير: 38c45f1769d89ba6...
└─────────────────────────────────────┘
        
[CODE #913] - 2026-08-13 19:58:53
┌─────────────────────────────────────┐
│  كود: KNATRI-LM26-RC36
│  إنشاء: 2026-08-13T19:58:53.106874
│  انتهاء: 2026-08-14T19:58:53.106874
│  الحالة: نشط
│  التشفير: 5e452bf4fe406243...
└─────────────────────────────────────┘
        
[CODE #914] - 2026-08-13 19:58:53
┌─────────────────────────────────────┐
│  كود: KNATRI-HKV9-VSWM
│  إنشاء: 2026-08-13T19:58:53.106900
│  انتهاء: 2026-08-14T19:58:53.106900
│  الحالة: نشط
│  التشفير: 58faaabbf41aab63...
└─────────────────────────────────────┘
        
[CODE #915] - 2026-08-13 19:58:53
┌─────────────────────────────────────┐
│  كود: KNATRI-3PNG-6ADE
│  إنشاء: 2026-08-13T19:58:53.106925
│  انتهاء: 2026-08-14T19:58:53.106925
│  الحالة: نشط
│  التشفير: 047dc915eefd873b...
└─────────────────────────────────────┘
        
[CODE #916] - 2026-08-13 19:58:53
┌─────────────────────────────────────┐
│  كود: KNATRI-2LN0-TL12
│  إنشاء: 2026-08-13T19:58:53.106951
│  انتهاء: 2026-08-14T19:58:53.106951
│  الحالة: نشط
│  التشفير: 91d98a7c29bd50a8...
└─────────────────────────────────────┘
        
[CODE #917] - 2026-08-13 19:58:53
┌─────────────────────────────────────┐
│  كود: KNATRI-NZY7-8UPH
│  إنشاء: 2026-08-13T19:58:53.106977
│  انتهاء: 2026-08-14T19:58:53.106977
│  الحالة: نشط
│  التشفير: 5a091500e4691ea7...
└─────────────────────────────────────┘
        
[CODE #918] - 2026-08-13 19:58:53
┌─────────────────────────────────────┐
│  كود: KNATRI-8LBL-FONA
│  إنشاء: 2026-08-13T19:58:53.107002
│  انتهاء: 2026-08-14T19:58:53.107002
│  الحالة: نشط
│  التشفير: 31b33c01423b616a...
└─────────────────────────────────────┘
        
[CODE #919] - 2026-08-13 19:58:53
┌─────────────────────────────────────┐
│  كود: KNATRI-X9MU-A601
│  إنشاء: 2026-08-13T19:58:53.107027
│  انتهاء: 2026-08-14T19:58:53.107027
│  الحالة: نشط
│  التشفير: 8285cb00366865ea...
└─────────────────────────────────────┘
        
[CODE #920] - 2026-08-13 19:58:53
┌─────────────────────────────────────┐
│  كود: KNATRI-CS9N-J1RZ
│  إنشاء: 2026-08-13T19:58:53.107055
│  انتهاء: 2026-08-14T19:58:53.107055
│  الحالة: نشط
│  التشفير: 3a914a249bf39875...
└─────────────────────────────────────┘
        
[CODE #921] - 2026-08-13 19:58:53
┌─────────────────────────────────────┐
│  كود: KNATRI-SO2E-6QOM
│  إنشاء: 2026-08-13T19:58:53.107081
│  انتهاء: 2026-08-14T19:58:53.107081
│  الحالة: نشط
│  التشفير: 7ba5e87b297fe06c...
└─────────────────────────────────────┘
        
[CODE #922] - 2026-08-13 19:58:53
┌─────────────────────────────────────┐
│  كود: KNATRI-BNJI-MI2C
│  إنشاء: 2026-08-13T19:58:53.107105
│  انتهاء: 2026-08-14T19:58:53.107105
│  الحالة: نشط
│  التشفير: 151689c1623cbee4...
└─────────────────────────────────────┘
        
[CODE #923] - 2026-08-13 19:58:53
┌─────────────────────────────────────┐
│  كود: KNATRI-ZXRV-1AV1
│  إنشاء: 2026-08-13T19:58:53.107130
│  انتهاء: 2026-08-14T19:58:53.107130
│  الحالة: نشط
│  التشفير: fcaf70f95475010a...
└─────────────────────────────────────┘
        
[CODE #924] - 2026-08-13 19:58:53
┌─────────────────────────────────────┐
│  كود: KNATRI-BHK4-ZJH0
│  إنشاء: 2026-08-13T19:58:53.107159
│  انتهاء: 2026-08-14T19:58:53.107159
│  الحالة: نشط
│  التشفير: 8c852d5c6519e8e5...
└─────────────────────────────────────┘
        
[CODE #925] - 2026-08-13 19:58:53
┌─────────────────────────────────────┐
│  كود: KNATRI-SAU5-LVYH
│  إنشاء: 2026-08-13T19:58:53.107186
│  انتهاء: 2026-08-14T19:58:53.107186
│  الحالة: نشط
│  التشفير: 852daeb512543ee0...
└─────────────────────────────────────┘
        
[CODE #926] - 2026-08-13 19:58:53
┌─────────────────────────────────────┐
│  كود: KNATRI-A8V6-DAKO
│  إنشاء: 2026-08-13T19:58:53.107211
│  انتهاء: 2026-08-14T19:58:53.107211
│  الحالة: نشط
│  التشفير: c206638b5229dffe...
└─────────────────────────────────────┘
        
[CODE #927] - 2026-08-13 19:58:53
┌─────────────────────────────────────┐
│  كود: KNATRI-RZCU-O1C7
│  إنشاء: 2026-08-13T19:58:53.107236
│  انتهاء: 2026-08-14T19:58:53.107236
│  الحالة: نشط
│  التشفير: e80f7d6d7e41b05d...
└─────────────────────────────────────┘
        
[CODE #928] - 2026-08-13 19:58:53
┌─────────────────────────────────────┐
│  كود: KNATRI-IBT9-HZM5
│  إنشاء: 2026-08-13T19:58:53.107262
│  انتهاء: 2026-08-14T19:58:53.107262
│  الحالة: نشط
│  التشفير: fcd3028512eb5f71...
└─────────────────────────────────────┘
        
[CODE #929] - 2026-08-13 19:58:53
┌─────────────────────────────────────┐
│  كود: KNATRI-EU8Q-9847
│  إنشاء: 2026-08-13T19:58:53.107288
│  انتهاء: 2026-08-14T19:58:53.107288
│  الحالة: نشط
│  التشفير: a89617eea6481e3e...
└─────────────────────────────────────┘
        
[CODE #930] - 2026-08-13 19:58:53
┌─────────────────────────────────────┐
│  كود: KNATRI-SNIM-9VRL
│  إنشاء: 2026-08-13T19:58:53.107317
│  انتهاء: 2026-08-14T19:58:53.107317
│  الحالة: نشط
│  التشفير: bed525023cf5630a...
└─────────────────────────────────────┘
        
[CODE #931] - 2026-08-13 19:58:53
┌─────────────────────────────────────┐
│  كود: KNATRI-WLB1-VSO4
│  إنشاء: 2026-08-13T19:58:53.107344
│  انتهاء: 2026-08-14T19:58:53.107344
│  الحالة: نشط
│  التشفير: 4f05e5c9e3a14383...
└─────────────────────────────────────┘
        
[CODE #932] - 2026-08-13 19:58:53
┌─────────────────────────────────────┐
│  كود: KNATRI-B97O-EOYV
│  إنشاء: 2026-08-13T19:58:53.107371
│  انتهاء: 2026-08-14T19:58:53.107371
│  الحالة: نشط
│  التشفير: 1038074c9179f75d...
└─────────────────────────────────────┘
        
[CODE #933] - 2026-08-13 19:58:53
┌─────────────────────────────────────┐
│  كود: KNATRI-OZ8L-1NJO
│  إنشاء: 2026-08-13T19:58:53.107401
│  انتهاء: 2026-08-14T19:58:53.107401
│  الحالة: نشط
│  التشفير: 6ccd684dbb2db0e8...
└─────────────────────────────────────┘
        
[CODE #934] - 2026-08-13 19:58:53
┌─────────────────────────────────────┐
│  كود: KNATRI-X34H-P29J
│  إنشاء: 2026-08-13T19:58:53.107427
│  انتهاء: 2026-08-14T19:58:53.107427
│  الحالة: نشط
│  التشفير: 15172ce4c5a85a2b...
└─────────────────────────────────────┘
        
[CODE #935] - 2026-08-13 19:58:53
┌─────────────────────────────────────┐
│  كود: KNATRI-THZ3-VZ6W
│  إنشاء: 2026-08-13T19:58:53.107450
│  انتهاء: 2026-08-14T19:58:53.107450
│  الحالة: نشط
│  التشفير: c560052f72ff02cd...
└─────────────────────────────────────┘
        
[CODE #936] - 2026-08-13 19:58:53
┌─────────────────────────────────────┐
│  كود: KNATRI-09HC-L6A6
│  إنشاء: 2026-08-13T19:58:53.107474
│  انتهاء: 2026-08-14T19:58:53.107474
│  الحالة: نشط
│  التشفير: 2969219bfd88ae3f...
└─────────────────────────────────────┘
        
[CODE #937] - 2026-08-13 19:58:53
┌─────────────────────────────────────┐
│  كود: KNATRI-MUAL-FOJ0
│  إنشاء: 2026-08-13T19:58:53.107499
│  انتهاء: 2026-08-14T19:58:53.107499
│  الحالة: نشط
│  التشفير: 8ac4350c62181623...
└─────────────────────────────────────┘
        
[CODE #938] - 2026-08-13 19:58:53
┌─────────────────────────────────────┐
│  كود: KNATRI-ADK1-UO4U
│  إنشاء: 2026-08-13T19:58:53.107525
│  انتهاء: 2026-08-14T19:58:53.107525
│  الحالة: نشط
│  التشفير: b5f4434569f45232...
└─────────────────────────────────────┘
        
[CODE #939] - 2026-08-13 19:58:53
┌─────────────────────────────────────┐
│  كود: KNATRI-6YMU-GLI1
│  إنشاء: 2026-08-13T19:58:53.107562
│  انتهاء: 2026-08-14T19:58:53.107562
│  الحالة: نشط
│  التشفير: 5462f9248fe0399e...
└─────────────────────────────────────┘
        
[CODE #940] - 2026-08-13 19:58:53
┌─────────────────────────────────────┐
│  كود: KNATRI-TIJD-7K1B
│  إنشاء: 2026-08-13T19:58:53.107589
│  انتهاء: 2026-08-14T19:58:53.107589
│  الحالة: نشط
│  التشفير: 25beecee6b56b2c5...
└─────────────────────────────────────┘
        
[CODE #941] - 2026-08-13 19:58:53
┌─────────────────────────────────────┐
│  كود: KNATRI-6N2G-RAWL
│  إنشاء: 2026-08-13T19:58:53.107614
│  انتهاء: 2026-08-14T19:58:53.107614
│  الحالة: نشط
│  التشفير: 88abde2aac7f512e...
└─────────────────────────────────────┘
        
[CODE #942] - 2026-08-13 19:58:53
┌─────────────────────────────────────┐
│  كود: KNATRI-1O7R-CQTA
│  إنشاء: 2026-08-13T19:58:53.107644
│  انتهاء: 2026-08-14T19:58:53.107644
│  الحالة: نشط
│  التشفير: c97f2d78da568767...
└─────────────────────────────────────┘
        
[CODE #943] - 2026-08-13 19:58:53
┌─────────────────────────────────────┐
│  كود: KNATRI-7IKY-GR07
│  إنشاء: 2026-08-13T19:58:53.107669
│  انتهاء: 2026-08-14T19:58:53.107669
│  الحالة: نشط
│  التشفير: d4451f0d630fa61b...
└─────────────────────────────────────┘
        
[CODE #944] - 2026-08-13 19:58:53
┌─────────────────────────────────────┐
│  كود: KNATRI-XQ4L-LELT
│  إنشاء: 2026-08-13T19:58:53.107696
│  انتهاء: 2026-08-14T19:58:53.107696
│  الحالة: نشط
│  التشفير: e7092fa5a9df1b61...
└─────────────────────────────────────┘
        
[CODE #945] - 2026-08-13 19:58:53
┌─────────────────────────────────────┐
│  كود: KNATRI-KLUJ-OO95
│  إنشاء: 2026-08-13T19:58:53.107720
│  انتهاء: 2026-08-14T19:58:53.107720
│  الحالة: نشط
│  التشفير: e2b0a4473957b81d...
└─────────────────────────────────────┘
        
[CODE #946] - 2026-08-13 19:58:53
┌─────────────────────────────────────┐
│  كود: KNATRI-HIY6-PRWY
│  إنشاء: 2026-08-13T19:58:53.107750
│  انتهاء: 2026-08-14T19:58:53.107750
│  الحالة: نشط
│  التشفير: c5f655e68e7663d1...
└─────────────────────────────────────┘
        
[CODE #947] - 2026-08-13 19:58:53
┌─────────────────────────────────────┐
│  كود: KNATRI-FGL6-I4OJ
│  إنشاء: 2026-08-13T19:58:53.107777
│  انتهاء: 2026-08-14T19:58:53.107777
│  الحالة: نشط
│  التشفير: aa12ef0cc8e633ce...
└─────────────────────────────────────┘
        
[CODE #948] - 2026-08-13 19:58:53
┌─────────────────────────────────────┐
│  كود: KNATRI-AVFA-47NX
│  إنشاء: 2026-08-13T19:58:53.107810
│  انتهاء: 2026-08-14T19:58:53.107810
│  الحالة: نشط
│  التشفير: 99ea2eedf845dba9...
└─────────────────────────────────────┘
        
[CODE #949] - 2026-08-13 19:58:53
┌─────────────────────────────────────┐
│  كود: KNATRI-YC6I-P7JI
│  إنشاء: 2026-08-13T19:58:53.107834
│  انتهاء: 2026-08-14T19:58:53.107834
│  الحالة: نشط
│  التشفير: b4ca70cd60c3ec61...
└─────────────────────────────────────┘
        
[CODE #950] - 2026-08-13 19:58:53
┌─────────────────────────────────────┐
│  كود: KNATRI-R1RA-FYU8
│  إنشاء: 2026-08-13T19:58:53.107862
│  انتهاء: 2026-08-14T19:58:53.107862
│  الحالة: نشط
│  التشفير: 8a93052b177fa8cb...
└─────────────────────────────────────┘
        
[CODE #951] - 2026-08-13 19:58:53
┌─────────────────────────────────────┐
│  كود: KNATRI-D68R-QPAS
│  إنشاء: 2026-08-13T19:58:53.107892
│  انتهاء: 2026-08-14T19:58:53.107892
│  الحالة: نشط
│  التشفير: b8c761388ea6fab7...
└─────────────────────────────────────┘
        
[CODE #952] - 2026-08-13 19:58:53
┌─────────────────────────────────────┐
│  كود: KNATRI-CMV4-2D3Q
│  إنشاء: 2026-08-13T19:58:53.107921
│  انتهاء: 2026-08-14T19:58:53.107921
│  الحالة: نشط
│  التشفير: 969ab89a135992d3...
└─────────────────────────────────────┘
        
[CODE #953] - 2026-08-13 19:58:53
┌─────────────────────────────────────┐
│  كود: KNATRI-6C0W-T7JQ
│  إنشاء: 2026-08-13T19:58:53.107948
│  انتهاء: 2026-08-14T19:58:53.107948
│  الحالة: نشط
│  التشفير: 5c63a4ea08b61359...
└─────────────────────────────────────┘
        
[CODE #954] - 2026-08-13 19:58:53
┌─────────────────────────────────────┐
│  كود: KNATRI-2371-P5BH
│  إنشاء: 2026-08-13T19:58:53.107971
│  انتهاء: 2026-08-14T19:58:53.107971
│  الحالة: نشط
│  التشفير: 1efb35214fef9000...
└─────────────────────────────────────┘
        
[CODE #955] - 2026-08-13 19:58:53
┌─────────────────────────────────────┐
│  كود: KNATRI-WEZY-5FWT
│  إنشاء: 2026-08-13T19:58:53.107996
│  انتهاء: 2026-08-14T19:58:53.107996
│  الحالة: نشط
│  التشفير: a05c0bcfbea66e23...
└─────────────────────────────────────┘
        
[CODE #956] - 2026-08-13 19:58:53
┌─────────────────────────────────────┐
│  كود: KNATRI-3MBV-JAKK
│  إنشاء: 2026-08-13T19:58:53.108021
│  انتهاء: 2026-08-14T19:58:53.108021
│  الحالة: نشط
│  التشفير: 8bc30e409da168e1...
└─────────────────────────────────────┘
        
[CODE #957] - 2026-08-13 19:58:53
┌─────────────────────────────────────┐
│  كود: KNATRI-KRCX-HVAP
│  إنشاء: 2026-08-13T19:58:53.108045
│  انتهاء: 2026-08-14T19:58:53.108045
│  الحالة: نشط
│  التشفير: d88c825ad7349ab7...
└─────────────────────────────────────┘
        
[CODE #958] - 2026-08-13 19:58:53
┌─────────────────────────────────────┐
│  كود: KNATRI-JX39-3TX2
│  إنشاء: 2026-08-13T19:58:53.108074
│  انتهاء: 2026-08-14T19:58:53.108074
│  الحالة: نشط
│  التشفير: 2f4e563f82c5bb8f...
└─────────────────────────────────────┘
        
[CODE #959] - 2026-08-13 19:58:53
┌─────────────────────────────────────┐
│  كود: KNATRI-869O-47OE
│  إنشاء: 2026-08-13T19:58:53.108103
│  انتهاء: 2026-08-14T19:58:53.108103
│  الحالة: نشط
│  التشفير: 066d45f52a20b47c...
└─────────────────────────────────────┘
        
[CODE #960] - 2026-08-13 19:58:53
┌─────────────────────────────────────┐
│  كود: KNATRI-WVSY-W3XU
│  إنشاء: 2026-08-13T19:58:53.108129
│  انتهاء: 2026-08-14T19:58:53.108129
│  الحالة: نشط
│  التشفير: 5e974adc168f0ac2...
└─────────────────────────────────────┘
        
[CODE #961] - 2026-08-13 19:58:53
┌─────────────────────────────────────┐
│  كود: KNATRI-0OPQ-71V8
│  إنشاء: 2026-08-13T19:58:53.108154
│  انتهاء: 2026-08-14T19:58:53.108154
│  الحالة: نشط
│  التشفير: 2716b6af23873903...
└─────────────────────────────────────┘
        
[CODE #962] - 2026-08-13 19:58:53
┌─────────────────────────────────────┐
│  كود: KNATRI-6PZJ-ZT8N
│  إنشاء: 2026-08-13T19:58:53.108180
│  انتهاء: 2026-08-14T19:58:53.108180
│  الحالة: نشط
│  التشفير: 5267da320c11cc45...
└─────────────────────────────────────┘
        
[CODE #963] - 2026-08-13 19:58:53
┌─────────────────────────────────────┐
│  كود: KNATRI-Q0TY-PUN4
│  إنشاء: 2026-08-13T19:58:53.108205
│  انتهاء: 2026-08-14T19:58:53.108205
│  الحالة: نشط
│  التشفير: 7f89b99d150d70de...
└─────────────────────────────────────┘
        
[CODE #964] - 2026-08-13 19:58:53
┌─────────────────────────────────────┐
│  كود: KNATRI-MSD6-10JA
│  إنشاء: 2026-08-13T19:58:53.108233
│  انتهاء: 2026-08-14T19:58:53.108233
│  الحالة: نشط
│  التشفير: 8bd1f04bdfd74726...
└─────────────────────────────────────┘
        
[CODE #965] - 2026-08-13 19:58:53
┌─────────────────────────────────────┐
│  كود: KNATRI-M0LZ-HHC7
│  إنشاء: 2026-08-13T19:58:53.108258
│  انتهاء: 2026-08-14T19:58:53.108258
│  الحالة: نشط
│  التشفير: 75d78841c0888c4d...
└─────────────────────────────────────┘
        
[CODE #966] - 2026-08-13 19:58:53
┌─────────────────────────────────────┐
│  كود: KNATRI-MWYW-OE8U
│  إنشاء: 2026-08-13T19:58:53.108283
│  انتهاء: 2026-08-14T19:58:53.108283
│  الحالة: نشط
│  التشفير: 56d76ef7f8ddc1d5...
└─────────────────────────────────────┘
        
[CODE #967] - 2026-08-13 19:58:53
┌─────────────────────────────────────┐
│  كود: KNATRI-N3Q1-YA4B
│  إنشاء: 2026-08-13T19:58:53.108308
│  انتهاء: 2026-08-14T19:58:53.108308
│  الحالة: نشط
│  التشفير: 18243afb24b24882...
└─────────────────────────────────────┘
        
[CODE #968] - 2026-08-13 19:58:53
┌─────────────────────────────────────┐
│  كود: KNATRI-37YA-ZZV7
│  إنشاء: 2026-08-13T19:58:53.108333
│  انتهاء: 2026-08-14T19:58:53.108333
│  الحالة: نشط
│  التشفير: 230b9260c593f79a...
└─────────────────────────────────────┘
        
[CODE #969] - 2026-08-13 19:58:53
┌─────────────────────────────────────┐
│  كود: KNATRI-LO9W-XY8G
│  إنشاء: 2026-08-13T19:58:53.108364
│  انتهاء: 2026-08-14T19:58:53.108364
│  الحالة: نشط
│  التشفير: ce8c8216fde8bd2b...
└─────────────────────────────────────┘
        
[CODE #970] - 2026-08-13 19:58:53
┌─────────────────────────────────────┐
│  كود: KNATRI-MQZG-5JBS
│  إنشاء: 2026-08-13T19:58:53.108389
│  انتهاء: 2026-08-14T19:58:53.108389
│  الحالة: نشط
│  التشفير: e8427689d1cf0d68...
└─────────────────────────────────────┘
        
[CODE #971] - 2026-08-13 19:58:53
┌─────────────────────────────────────┐
│  كود: KNATRI-RZJN-09Y4
│  إنشاء: 2026-08-13T19:58:53.108417
│  انتهاء: 2026-08-14T19:58:53.108417
│  الحالة: نشط
│  التشفير: e77165fde6e3a788...
└─────────────────────────────────────┘
        
[CODE #972] - 2026-08-13 19:58:53
┌─────────────────────────────────────┐
│  كود: KNATRI-MOWJ-WMN7
│  إنشاء: 2026-08-13T19:58:53.108443
│  انتهاء: 2026-08-14T19:58:53.108443
│  الحالة: نشط
│  التشفير: 19cd331f6be48901...
└─────────────────────────────────────┘
        
[CODE #973] - 2026-08-13 19:58:53
┌─────────────────────────────────────┐
│  كود: KNATRI-GYKU-0OM4
│  إنشاء: 2026-08-13T19:58:53.108468
│  انتهاء: 2026-08-14T19:58:53.108468
│  الحالة: نشط
│  التشفير: 6887aa00261514e6...
└─────────────────────────────────────┘
        
[CODE #974] - 2026-08-13 19:58:53
┌─────────────────────────────────────┐
│  كود: KNATRI-2MDN-KFXJ
│  إنشاء: 2026-08-13T19:58:53.108492
│  انتهاء: 2026-08-14T19:58:53.108492
│  الحالة: نشط
│  التشفير: 47317c836b487190...
└─────────────────────────────────────┘
        
[CODE #975] - 2026-08-13 19:58:53
┌─────────────────────────────────────┐
│  كود: KNATRI-FWUZ-L546
│  إنشاء: 2026-08-13T19:58:53.108516
│  انتهاء: 2026-08-14T19:58:53.108516
│  الحالة: نشط
│  التشفير: 5b1ca8d891ef0809...
└─────────────────────────────────────┘
        
[CODE #976] - 2026-08-13 19:58:53
┌─────────────────────────────────────┐
│  كود: KNATRI-T9W4-PF9R
│  إنشاء: 2026-08-13T19:58:53.108548
│  انتهاء: 2026-08-14T19:58:53.108548
│  الحالة: نشط
│  التشفير: 2867ec1443f0e74c...
└─────────────────────────────────────┘
        
[CODE #977] - 2026-08-13 19:58:53
┌─────────────────────────────────────┐
│  كود: KNATRI-3GP3-9SUJ
│  إنشاء: 2026-08-13T19:58:53.108581
│  انتهاء: 2026-08-14T19:58:53.108581
│  الحالة: نشط
│  التشفير: f475065c903147e8...
└─────────────────────────────────────┘
        
[CODE #978] - 2026-08-13 19:58:53
┌─────────────────────────────────────┐
│  كود: KNATRI-3H8A-BMR8
│  إنشاء: 2026-08-13T19:58:53.108609
│  انتهاء: 2026-08-14T19:58:53.108609
│  الحالة: نشط
│  التشفير: e215f18a2c77ddd2...
└─────────────────────────────────────┘
        
[CODE #979] - 2026-08-13 19:58:53
┌─────────────────────────────────────┐
│  كود: KNATRI-QA3G-KF9D
│  إنشاء: 2026-08-13T19:58:53.108636
│  انتهاء: 2026-08-14T19:58:53.108636
│  الحالة: نشط
│  التشفير: 740d5cb99dc61ffb...
└─────────────────────────────────────┘
        
[CODE #980] - 2026-08-13 19:58:53
┌─────────────────────────────────────┐
│  كود: KNATRI-5YXM-NGSK
│  إنشاء: 2026-08-13T19:58:53.108661
│  انتهاء: 2026-08-14T19:58:53.108661
│  الحالة: نشط
│  التشفير: 80773abd0973a9ce...
└─────────────────────────────────────┘
        
[CODE #981] - 2026-08-13 19:58:53
┌─────────────────────────────────────┐
│  كود: KNATRI-6XV6-B5RJ
│  إنشاء: 2026-08-13T19:58:53.108688
│  انتهاء: 2026-08-14T19:58:53.108688
│  الحالة: نشط
│  التشفير: ead9e39e92142fec...
└─────────────────────────────────────┘
        
[CODE #982] - 2026-08-13 19:58:53
┌─────────────────────────────────────┐
│  كود: KNATRI-54U6-SRG9
│  إنشاء: 2026-08-13T19:58:53.108719
│  انتهاء: 2026-08-14T19:58:53.108719
│  الحالة: نشط
│  التشفير: d7b8eb149a6f9159...
└─────────────────────────────────────┘
        
[CODE #983] - 2026-08-13 19:58:53
┌─────────────────────────────────────┐
│  كود: KNATRI-7FZO-UA1U
│  إنشاء: 2026-08-13T19:58:53.108741
│  انتهاء: 2026-08-14T19:58:53.108741
│  الحالة: نشط
│  التشفير: 06d8f6f14e0b0ffc...
└─────────────────────────────────────┘
        
[CODE #984] - 2026-08-13 19:58:53
┌─────────────────────────────────────┐
│  كود: KNATRI-CZWH-IWN6
│  إنشاء: 2026-08-13T19:58:53.108770
│  انتهاء: 2026-08-14T19:58:53.108770
│  الحالة: نشط
│  التشفير: 9e643eced698f663...
└─────────────────────────────────────┘
        
[CODE #985] - 2026-08-13 19:58:53
┌─────────────────────────────────────┐
│  كود: KNATRI-EV04-1GCB
│  إنشاء: 2026-08-13T19:58:53.108795
│  انتهاء: 2026-08-14T19:58:53.108795
│  الحالة: نشط
│  التشفير: b6afec2b45e409dd...
└─────────────────────────────────────┘
        
[CODE #986] - 2026-08-13 19:58:53
┌─────────────────────────────────────┐
│  كود: KNATRI-O7SB-OCFZ
│  إنشاء: 2026-08-13T19:58:53.108828
│  انتهاء: 2026-08-14T19:58:53.108828
│  الحالة: نشط
│  التشفير: ad146a311bd4d071...
└─────────────────────────────────────┘
        
[CODE #987] - 2026-08-13 19:58:53
┌─────────────────────────────────────┐
│  كود: KNATRI-BU3P-R1X9
│  إنشاء: 2026-08-13T19:58:53.108855
│  انتهاء: 2026-08-14T19:58:53.108855
│  الحالة: نشط
│  التشفير: 4915f8981b1bfdfb...
└─────────────────────────────────────┘
        
[CODE #988] - 2026-08-13 19:58:53
┌─────────────────────────────────────┐
│  كود: KNATRI-Y80I-KT4Y
│  إنشاء: 2026-08-13T19:58:53.108882
│  انتهاء: 2026-08-14T19:58:53.108882
│  الحالة: نشط
│  التشفير: eccf51c15efb04be...
└─────────────────────────────────────┘
        
[CODE #989] - 2026-08-13 19:58:53
┌─────────────────────────────────────┐
│  كود: KNATRI-B9VF-BCZ1
│  إنشاء: 2026-08-13T19:58:53.108906
│  انتهاء: 2026-08-14T19:58:53.108906
│  الحالة: نشط
│  التشفير: 8b48d856c2b0192d...
└─────────────────────────────────────┘
        
[CODE #990] - 2026-08-13 19:58:53
┌─────────────────────────────────────┐
│  كود: KNATRI-A61T-4G2Q
│  إنشاء: 2026-08-13T19:58:53.108932
│  انتهاء: 2026-08-14T19:58:53.108932
│  الحالة: نشط
│  التشفير: 743f80b0fd1b1c7a...
└─────────────────────────────────────┘
        
[CODE #991] - 2026-08-13 19:58:53
┌─────────────────────────────────────┐
│  كود: KNATRI-ZIHQ-8QH9
│  إنشاء: 2026-08-13T19:58:53.108968
│  انتهاء: 2026-08-14T19:58:53.108968
│  الحالة: نشط
│  التشفير: 5343274e33556fc3...
└─────────────────────────────────────┘
        
[CODE #992] - 2026-08-13 19:58:53
┌─────────────────────────────────────┐
│  كود: KNATRI-F1HH-H1NO
│  إنشاء: 2026-08-13T19:58:53.108996
│  انتهاء: 2026-08-14T19:58:53.108996
│  الحالة: نشط
│  التشفير: 694fb1ca634eb36a...
└─────────────────────────────────────┘
        
[CODE #993] - 2026-08-13 19:58:53
┌─────────────────────────────────────┐
│  كود: KNATRI-WYDP-MRFO
│  إنشاء: 2026-08-13T19:58:53.109024
│  انتهاء: 2026-08-14T19:58:53.109024
│  الحالة: نشط
│  التشفير: 793db8bac5192a43...
└─────────────────────────────────────┘
        
[CODE #994] - 2026-08-13 19:58:53
┌─────────────────────────────────────┐
│  كود: KNATRI-9K16-EMAR
│  إنشاء: 2026-08-13T19:58:53.109047
│  انتهاء: 2026-08-14T19:58:53.109047
│  الحالة: نشط
│  التشفير: 4b451fb550bae433...
└─────────────────────────────────────┘
        
[CODE #995] - 2026-08-13 19:58:53
┌─────────────────────────────────────┐
│  كود: KNATRI-U8BT-JPNQ
│  إنشاء: 2026-08-13T19:58:53.109080
│  انتهاء: 2026-08-14T19:58:53.109080
│  الحالة: نشط
│  التشفير: aa96619d0ab86805...
└─────────────────────────────────────┘
        
[CODE #996] - 2026-08-13 19:58:53
┌─────────────────────────────────────┐
│  كود: KNATRI-EVLV-1LFS
│  إنشاء: 2026-08-13T19:58:53.109106
│  انتهاء: 2026-08-14T19:58:53.109106
│  الحالة: نشط
│  التشفير: 99c6303e7e1c486b...
└─────────────────────────────────────┘
        
[CODE #997] - 2026-08-13 19:58:53
┌─────────────────────────────────────┐
│  كود: KNATRI-QZWL-B9PB
│  إنشاء: 2026-08-13T19:58:53.109132
│  انتهاء: 2026-08-14T19:58:53.109132
│  الحالة: نشط
│  التشفير: d18d220d815f8fe9...
└─────────────────────────────────────┘
        
[CODE #998] - 2026-08-13 19:58:53
┌─────────────────────────────────────┐
│  كود: KNATRI-IZ6Y-8MLC
│  إنشاء: 2026-08-13T19:58:53.109195
│  انتهاء: 2026-08-14T19:58:53.109195
│  الحالة: نشط
│  التشفير: 5a171e51af5dddea...
└─────────────────────────────────────┘
        
[CODE #999] - 2026-08-13 19:58:53
┌─────────────────────────────────────┐
│  كود: KNATRI-S276-JS1K
│  إنشاء: 2026-08-13T19:58:53.109226
│  انتهاء: 2026-08-14T19:58:53.109226
│  الحالة: نشط
│  التشفير: 079baf09375b7d0d...
└─────────────────────────────────────┘
        
[CODE #1000] - 2026-08-13 19:58:53
┌─────────────────────────────────────┐
│  كود: KNATRI-HB5T-G84S
│  إنشاء: 2026-08-13T19:58:53.109252
│  انتهاء: 2026-08-14T19:58:53.109252
│  الحالة: نشط
│  التشفير: f525e573cbe16ba6...
└─────────────────────────────────────┘
        